marketplace;period;sku;quantity
ozon;2025-09;MV1026F;15
ozon;2025-09;M105ALSU00326;4861
ozon;2025-09;D911009;495
ozon;2025-09;D921002;579
ozon;2025-09;3FRW5050H;249
ozon;2025-09;MF1005M;1765
ozon;2025-09;M655ALSU00326;39
ozon;2025-09;M01ALSU00167;1341
ozon;2025-09;DFRW6535H;13
ozon;2025-09;MV1011F;673
ozon;2025-09;М241008C;391
ozon;2025-09;D911021;371
ozon;2025-09;М221003;680
ozon;2025-09;MV1016F;218
ozon;2025-09;VS-UPKP;1284
ozon;2025-09;MF10015M;92
ozon;2025-09;M01ALSU00187;615
ozon;2025-09;M01VXSU00130;2479
ozon;2025-09;M01TEXT10102;30
ozon;2025-09;D911004;246
ozon;2025-09;MF10017M;178
ozon;2025-09;MF1007M;118
ozon;2025-09;D911005;45
ozon;2025-09;pku19-01;470
ozon;2025-09;D911015;462
ozon;2025-09;М221002;259
ozon;2025-09;MF1001M;761
ozon;2025-09;PODS-01;195
ozon;2025-09;М241020C;43
ozon;2025-09;MV1021F;87
ozon;2025-09;8450031975-01;444
ozon;2025-09;MF1008M;479
ozon;2025-09;LS-VODRKA;106
ozon;2025-09;W21/5W;432
ozon;2025-09;DFRW5050;405
ozon;2025-09;MF10012M;258
ozon;2025-09;pku19;785
ozon;2025-09;MV1116R;197
ozon;2025-09;M111001;402
ozon;2025-09;MF10011M;155
ozon;2025-09;М241005C;336
ozon;2025-09;M01ALSU00185;248
ozon;2025-09;DFRW6535B;78
ozon;2025-09;MV1115R;330
ozon;2025-09;VS-KPBLV;64
ozon;2025-09;M112001;596
ozon;2025-09;M111003;432
ozon;2025-09;DFRW6042;17
ozon;2025-09;LS-VODRL;355
ozon;2025-09;VS-VLS-LV;160
ozon;2025-09;М241016;13
ozon;2025-09;D911010;43
ozon;2025-09;DFRW6040P6;75
ozon;2025-09;MV1112R;90
ozon;2025-09;M112003;176
ozon;2025-09;MV1025F;469
ozon;2025-09;М241009C;139
ozon;2025-09;D911006;102
ozon;2025-09;M01LINK10102-2;68
ozon;2025-09;М241011C;206
ozon;2025-09;M112002;369
ozon;2025-09;MV1024F;103
ozon;2025-09;М241022C;56
ozon;2025-09;D911011;132
ozon;2025-09;D921001;130
ozon;2025-09;FRW6040H;81
ozon;2025-09;MF10010M;337
ozon;2025-09;М221011;38
ozon;2025-09;FRW5547B;1
ozon;2025-09;DFRW6542;200
ozon;2025-09;MF1006M;273
ozon;2025-09;PODS-02;534
ozon;2025-09;DFRW6045V;301
ozon;2025-09;FRW6040P6;108
ozon;2025-09;MF1009M;476
ozon;2025-09;M111027;78
ozon;2025-09;М221010;166
ozon;2025-09;3FRW6040H;168
ozon;2025-09;D911017;119
ozon;2025-09;М241001C;289
ozon;2025-09;MV1022F;70
ozon;2025-09;D911020;158
ozon;2025-09;MF1003M;496
ozon;2025-09;D911016;76
ozon;2025-09;DFRW5545;21
ozon;2025-09;FRW6045V;106
ozon;2025-09;M112007;46
ozon;2025-09;MV1118R;95
ozon;2025-09;MF1004M;155
ozon;2025-09;M112009;29
ozon;2025-09;MV1014F;74
ozon;2025-09;DFRW5547H;63
ozon;2025-09;3FRW6540H;34
ozon;2025-09;M112005;59
ozon;2025-09;MF10014M;206
ozon;2025-09;M111007;95
ozon;2025-09;D911007;84
ozon;2025-09;MF1002M;3501
ozon;2025-09;MF10013M;85
ozon;2025-09;DFRW6045H;73
ozon;2025-09;М221013;118
ozon;2025-09;DFRW6040H;109
ozon;2025-09;М241012C;69
ozon;2025-09;DFRW5547B;233
ozon;2025-09;М241021C;59
ozon;2025-09;DFRW6045P;103
ozon;2025-09;М221006;125
ozon;2025-09;D911018;46
ozon;2025-09;M111019;34
ozon;2025-09;M01TEXT10102_2;33
ozon;2025-09;M112013;27
ozon;2025-09;M111030;35
ozon;2025-09;M111031;12
ozon;2025-09;M111023;38
ozon;2025-09;М241010;223
ozon;2025-09;FRW6050;6
ozon;2025-09;М241004C;115
ozon;2025-09;MV1117R;22
ozon;2025-09;3FRW6545H;42
ozon;2025-09;MV1023F;39
ozon;2025-09;DFRW6050;90
ozon;2025-09;MV1013F;98
ozon;2025-09;М221017;56
ozon;2025-09;3FRW6045H;20
ozon;2025-09;М241003;15
ozon;2025-09;М221004;72
ozon;2025-09;M111021;97
ozon;2025-09;MV1019F;37
ozon;2025-09;M01LINK10101-2;24
ozon;2025-09;FRW6545;1
ozon;2025-09;M111035;1
ozon;2025-09;М221014;33
ozon;2025-09;MV1020F;42
ozon;2025-09;MV1017F;31
ozon;2025-09;LS-VODUNSL;303
ozon;2025-09;M111024;82
ozon;2025-09;M112012;39
ozon;2025-09;М241014;87
ozon;2025-09;FRW6045P;7
ozon;2025-09;М241013;33
ozon;2025-09;DFRW6040P9;43
ozon;2025-09;DFRW5540;111
ozon;2025-09;M111022;28
ozon;2025-09;М241017C;36
ozon;2025-09;M111033;2
ozon;2025-09;M111002;275
ozon;2025-09;D911019;54
ozon;2025-09;FRW6045H;15
ozon;2025-09;M01LINK10105;20
ozon;2025-09;DFRW6038;46
ozon;2025-09;D911008;144
ozon;2025-09;MV1012F;337
ozon;2025-09;M01LINK10104;30
ozon;2025-09;М241019;57
ozon;2025-09;D911014;11
ozon;2025-09;DFRW6540;15
ozon;2025-09;DFRW6550;9
ozon;2025-09;M112008;23
ozon;2025-09;M111029;20
ozon;2025-09;M01LINK10104-2;1
ozon;2025-09;D911013;30
ozon;2025-09;М221005;37
ozon;2025-09;FRW5050;39
ozon;2025-09;M112006;13
ozon;2025-09;М221016;44
ozon;2025-09;М241015;55
ozon;2025-09;DFRW6545;17
ozon;2025-09;M111020;30
ozon;2025-09;D911002;16
ozon;2025-09;MV1114R;18
ozon;2025-09;MV1113R;21
ozon;2025-09;D911012;18
ozon;2025-09;M01LINK10106-2;10
ozon;2025-09;М221018;35
ozon;2025-09;MV1111R;33
ozon;2025-09;M111026;11
ozon;2025-09;MF10018M;55
ozon;2025-09;M111028;18
ozon;2025-09;M111016;138
ozon;2025-09;FRW6535B;10
ozon;2025-09;M111004;7
ozon;2025-09;FRW5545;15
ozon;2025-09;М241007;13
ozon;2025-09;M112004;85
ozon;2025-09;MV1018F;34
ozon;2025-09;М241018;37
ozon;2025-09;FRW6038;13
ozon;2025-09;MV1027F;132
ozon;2025-09;FRW6042;3
ozon;2025-09;D911003;24
ozon;2025-09;M111012;24
ozon;2025-09;MF10016M;65
ozon;2025-09;M01LINK10105-2;15
ozon;2025-09;FRW6040P9;15
ozon;2025-09;M112011;25
ozon;2025-09;M01LINK10103;11
ozon;2025-09;M112010;5
ozon;2025-09;MV1110R;15
ozon;2025-09;M111013;89
ozon;2025-09;M01LINK10108;8
ozon;2025-09;M01LINK10106;3
ozon;2025-09;M01LINK10103-2;9
ozon;2025-09;M111025;12
ozon;2025-09;M111018;25
ozon;2025-09;M01LINK10102;18
ozon;2025-09;FRW6550;18
ozon;2025-09;MV1015F;64
ozon;2025-09;FRW6535H;1
ozon;2025-09;M111010;3
ozon;2025-09;M111017;23
ozon;2025-09;M01LINK10108-2;11
ozon;2025-09;FRW6542;13
ozon;2025-09;М221009;10
ozon;2025-09;M111014;6
ozon;2025-09;M111011;4
ozon;2025-09;М241002C;5
ozon;2025-09;M111015;9
ozon;2025-09;М241006C;4
ozon;2025-09;M111008;20
ozon;2025-09;М221012;1
ozon;2025-09;М221001;1
ozon;2025-09;D911001;2
ozon;2025-09;M111006;1
ozon;2025-09;M02ALSU00336;1
ozon;2025-09;M111037;1
ozon;2025-09;DFRW7035;1
ozon;2025-09;M01LINK10101;1
ozon;2025-09;M111009;1
ozon;2025-10;M02ALSU00336;529
ozon;2025-10;M112001;1232
ozon;2025-10;M111023;178
ozon;2025-10;M112008;80
ozon;2025-10;3FRW6040H;869
ozon;2025-10;M111034;18
ozon;2025-10;M111022;129
ozon;2025-10;3FRW6045H;69
ozon;2025-10;DFRW6045V;803
ozon;2025-10;D911005;179
ozon;2025-10;FRW6040H;455
ozon;2025-10;M111035;24
ozon;2025-10;FRW6545;4
ozon;2025-10;M112009;104
ozon;2025-10;M111031;71
ozon;2025-10;DFRW6535H;18
ozon;2025-10;MV1025F;457
ozon;2025-10;pku19;752
ozon;2025-10;MV1027F;174
ozon;2025-10;DFRW5545;113
ozon;2025-10;M112010;69
ozon;2025-10;MV1018F;52
ozon;2025-10;M111037;12
ozon;2025-10;M111028;83
ozon;2025-10;LS-VODRL;72
ozon;2025-10;M111002;35
ozon;2025-10;M112006;55
ozon;2025-10;D911012;28
ozon;2025-10;MF10016M;87
ozon;2025-10;М241020C;79
ozon;2025-10;MF10018M;92
ozon;2025-10;М241011C;351
ozon;2025-10;MV1113R;33
ozon;2025-10;FRW6045H;43
ozon;2025-10;VS-VLS-LV;294
ozon;2025-10;D911003;48
ozon;2025-10;FRW5545;39
ozon;2025-10;MV1014F;117
ozon;2025-10;М241019;65
ozon;2025-10;MF10011M;173
ozon;2025-10;MV1013F;149
ozon;2025-10;FRW6042;6
ozon;2025-10;MV1110R;86
ozon;2025-10;MF10017M;218
ozon;2025-10;D911019;107
ozon;2025-10;MF10015M;141
ozon;2025-10;MV1011F;788
ozon;2025-10;M112002;705
ozon;2025-10;MV1112R;110
ozon;2025-10;M112007;88
ozon;2025-10;MF1009M;808
ozon;2025-10;D911021;846
ozon;2025-10;D911015;1241
ozon;2025-10;MF1005M;1633
ozon;2025-10;M111030;91
ozon;2025-10;MF10014M;316
ozon;2025-10;DFRW6045P;120
ozon;2025-10;D911004;278
ozon;2025-10;MF1007M;230
ozon;2025-10;D911014;16
ozon;2025-10;М241005C;729
ozon;2025-10;D911010;57
ozon;2025-10;M112004;56
ozon;2025-10;MF1008M;364
ozon;2025-10;D911001;4
ozon;2025-10;D911008;145
ozon;2025-10;DFRW6545;39
ozon;2025-10;MV1016F;371
ozon;2025-10;M112012;83
ozon;2025-10;FRW6045V;508
ozon;2025-10;MV1017F;43
ozon;2025-10;DFRW5547H;121
ozon;2025-10;D911009;650
ozon;2025-10;FRW6050;11
ozon;2025-10;D911002;34
ozon;2025-10;DFRW6042;30
ozon;2025-10;3FRW6540H;58
ozon;2025-10;VS-UPKP;1494
ozon;2025-10;DFRW6040H;154
ozon;2025-10;DFRW5050;695
ozon;2025-10;M112005;127
ozon;2025-10;FRW6040P9;21
ozon;2025-10;MF10010M;472
ozon;2025-10;M111001;321
ozon;2025-10;M105ALSU00326;4608
ozon;2025-10;MV1024F;272
ozon;2025-10;M112003;40
ozon;2025-10;М221010;261
ozon;2025-10;DFRW6040P9;39
ozon;2025-10;MV1114R;17
ozon;2025-10;MV1026F;27
ozon;2025-10;VS-KPBLV;96
ozon;2025-10;MV1019F;56
ozon;2025-10;MV1111R;40
ozon;2025-10;D911020;96
ozon;2025-10;DFRW7035;4
ozon;2025-10;3FRW6545H;23
ozon;2025-10;W21/5W;451
ozon;2025-10;FRW5050;281
ozon;2025-10;LS-VODRKA;167
ozon;2025-10;М221002;742
ozon;2025-10;M111003;168
ozon;2025-10;MF1004M;266
ozon;2025-10;D921001;126
ozon;2025-10;D921002;714
ozon;2025-10;D911017;197
ozon;2025-10;MV1020F;51
ozon;2025-10;MV1117R;32
ozon;2025-10;М241016;99
ozon;2025-10;M111021;191
ozon;2025-10;М241010;139
ozon;2025-10;MV1115R;306
ozon;2025-10;M111027;197
ozon;2025-10;MF1006M;316
ozon;2025-10;FRW6550;20
ozon;2025-10;3FRW5050H;92
ozon;2025-10;M112011;46
ozon;2025-10;MF1001M;681
ozon;2025-10;М241006C;49
ozon;2025-10;MV1012F;427
ozon;2025-10;DFRW6050;90
ozon;2025-10;MF1002M;2698
ozon;2025-10;М221009;298
ozon;2025-10;pku19-01;397
ozon;2025-10;PODS-01;359
ozon;2025-10;D911011;258
ozon;2025-10;М221012;82
ozon;2025-10;М241012C;35
ozon;2025-10;MF10013M;166
ozon;2025-10;MF1003M;731
ozon;2025-10;M01LINK10102-2;116
ozon;2025-10;D911007;181
ozon;2025-10;M01VXSU00130;2467
ozon;2025-10;М241003;66
ozon;2025-10;М221021;204
ozon;2025-10;D911013;51
ozon;2025-10;M01TEXT10102;400
ozon;2025-10;M01ALSU00167;2614
ozon;2025-10;M01ALSU00187;613
ozon;2025-10;DFRW6045H;190
ozon;2025-10;DFRW6040P6;195
ozon;2025-10;М241017C;88
ozon;2025-10;М221003;1111
ozon;2025-10;М241001C;430
ozon;2025-10;М241009C;226
ozon;2025-10;M01ALSU00185;264
ozon;2025-10;M655ALSU00326;342
ozon;2025-10;PODS-02;594
ozon;2025-10;M01LINK10106;9
ozon;2025-10;D911018;158
ozon;2025-10;MF10012M;300
ozon;2025-10;М241004C;222
ozon;2025-10;DFRW6542;320
ozon;2025-10;М241021C;57
ozon;2025-10;М221013;82
ozon;2025-10;MV1021F;86
ozon;2025-10;М241002C;80
ozon;2025-10;M01TEXT10102_2;502
ozon;2025-10;М241008C;312
ozon;2025-10;M111024;116
ozon;2025-10;D911006;191
ozon;2025-10;М221018;15
ozon;2025-10;M111020;182
ozon;2025-10;М221011;138
ozon;2025-10;M112013;33
ozon;2025-10;M01LINK10108-2;19
ozon;2025-10;8450031975-01;484
ozon;2025-10;М241018;31
ozon;2025-10;MV1116R;86
ozon;2025-10;М221006;84
ozon;2025-10;М241007;150
ozon;2025-10;D911016;189
ozon;2025-10;FRW6535B;21
ozon;2025-10;MV1118R;82
ozon;2025-10;M111019;55
ozon;2025-10;М221016;33
ozon;2025-10;M01LINK10105;12
ozon;2025-10;M111032;10
ozon;2025-10;LS-VODUNSL;11
ozon;2025-10;М221017;74
ozon;2025-10;M111036;9
ozon;2025-10;М241013;20
ozon;2025-10;M111026;30
ozon;2025-10;М221005;70
ozon;2025-10;DFRW6540;15
ozon;2025-10;MV1022F;42
ozon;2025-10;М241014;27
ozon;2025-10;M111029;18
ozon;2025-10;М221004;79
ozon;2025-10;M111013;2
ozon;2025-10;М241015;35
ozon;2025-10;M01LINK10108;8
ozon;2025-10;M111025;22
ozon;2025-10;DFRW6550;28
ozon;2025-10;М241022C;104
ozon;2025-10;DFRW6535B;76
ozon;2025-10;M111016;14
ozon;2025-10;M111014;1
ozon;2025-10;M01LINK10103-2;11
ozon;2025-10;MV1023F;50
ozon;2025-10;M111033;9
ozon;2025-10;FRW5547B;1
ozon;2025-10;М221014;20
ozon;2025-10;FRW6040P6;21
ozon;2025-10;FRW6535H;1
ozon;2025-10;DFRW6038;3
ozon;2025-10;M01LINK10104;12
ozon;2025-10;DFRW5547B;85
ozon;2025-10;DFRW5540;2
ozon;2025-10;M111012;1
ozon;2025-10;M111007;7
ozon;2025-10;M01LINK10106-2;5
ozon;2025-10;M01LINK10105-2;7
ozon;2025-10;FRW6038;1
ozon;2025-10;M01LINK10103;2
ozon;2025-10;M01LINK10109;1
ozon;2025-10;M01LINK10102;4
ozon;2025-10;FRW6045P;2
ozon;2025-10;M01LINK10101-2;1
ozon;2025-10;M111004;1
ozon;2025-10;MV1015F;1
ozon;2025-10;M111009;1
ozon;2025-11;MV1015F;189
ozon;2025-11;М241019;139
ozon;2025-11;MV1024F;674
ozon;2025-11;D911021;1407
ozon;2025-11;D911015;2550
ozon;2025-11;MF10015M;159
ozon;2025-11;MF1003M;1306
ozon;2025-11;MF1005M;1639
ozon;2025-11;MV1112R;191
ozon;2025-11;VS-VLS-LV;219
ozon;2025-11;M111020;314
ozon;2025-11;M111029;127
ozon;2025-11;M111026;120
ozon;2025-11;VS-KPBLV;201
ozon;2025-11;DFRW5547H;386
ozon;2025-11;MV1110R;166
ozon;2025-11;D911005;522
ozon;2025-11;M111021;260
ozon;2025-11;M111036;35
ozon;2025-11;MV1023F;132
ozon;2025-11;MF10017M;267
ozon;2025-11;MV1014F;136
ozon;2025-11;MV1019F;75
ozon;2025-11;M01LINK10103-2;44
ozon;2025-11;D911012;50
ozon;2025-11;M111033;35
ozon;2025-11;DFRW6540;213
ozon;2025-11;FRW5545;212
ozon;2025-11;MF10018M;97
ozon;2025-11;М241018;38
ozon;2025-11;DFRW5050;1103
ozon;2025-11;MF1002M;1649
ozon;2025-11;M112008;65
ozon;2025-11;M112010;124
ozon;2025-11;DFRW5545;393
ozon;2025-11;M111031;92
ozon;2025-11;M01LINK10102;84
ozon;2025-11;D911011;541
ozon;2025-11;MV1117R;84
ozon;2025-11;D911014;39
ozon;2025-11;M01TEXT10102;1512
ozon;2025-11;MV1113R;38
ozon;2025-11;M111025;49
ozon;2025-11;M111002;7
ozon;2025-11;DFRW6045H;388
ozon;2025-11;M111003;9
ozon;2025-11;DFRW6040P9;73
ozon;2025-11;M111022;244
ozon;2025-11;D911001;9
ozon;2025-11;M111034;58
ozon;2025-11;MF10016M;141
ozon;2025-11;FRW6545;46
ozon;2025-11;М241026C;35
ozon;2025-11;PODS-01;346
ozon;2025-11;M111028;288
ozon;2025-11;MV1013F;164
ozon;2025-11;MV1027F;163
ozon;2025-11;MV1111R;44
ozon;2025-11;MV1018F;37
ozon;2025-11;FRW6040P9;46
ozon;2025-11;M112007;121
ozon;2025-11;FRW6040H;69
ozon;2025-11;MV1021F;202
ozon;2025-11;D911004;437
ozon;2025-11;FRW6550;16
ozon;2025-11;MF1001M;1174
ozon;2025-11;M111030;3
ozon;2025-11;DFRW6042;28
ozon;2025-11;FRW6045V;294
ozon;2025-11;DFRW7035;19
ozon;2025-11;D911003;68
ozon;2025-11;M111032;12
ozon;2025-11;M111037;40
ozon;2025-11;M111024;109
ozon;2025-11;MV1022F;37
ozon;2025-11;D911010;94
ozon;2025-11;DFRW6545;79
ozon;2025-11;M111013;2
ozon;2025-11;M112006;69
ozon;2025-11;M111035;90
ozon;2025-11;D911019;120
ozon;2025-11;М241020C;241
ozon;2025-11;FRW6535H;70
ozon;2025-11;M01LINK10108-2;20
ozon;2025-11;MV1025F;385
ozon;2025-11;M112004;72
ozon;2025-11;M01VXSU00130;505
ozon;2025-11;М221004;70
ozon;2025-11;M112002;500
ozon;2025-11;M02ALSU00336;734
ozon;2025-11;MF10014M;384
ozon;2025-11;M111023;287
ozon;2025-11;MF10011M;202
ozon;2025-11;3FRW6040H;697
ozon;2025-11;DFRW6045V;748
ozon;2025-11;pku19;562
ozon;2025-11;M112009;50
ozon;2025-11;MV1114R;20
ozon;2025-11;M112001;305
ozon;2025-11;3FRW6045H;159
ozon;2025-11;DFRW6542;159
ozon;2025-11;8450031975-01;307
ozon;2025-11;M105ALSU00326;4814
ozon;2025-11;MF1004M;272
ozon;2025-11;D911009;988
ozon;2025-11;М221003;2317
ozon;2025-11;VS-UPKP;1934
ozon;2025-11;D911016;273
ozon;2025-11;М221007;57
ozon;2025-11;M01ALSU00187;661
ozon;2025-11;М221008;90
ozon;2025-11;М241005C;149
ozon;2025-11;D911008;147
ozon;2025-11;М241009C;157
ozon;2025-11;М241015;101
ozon;2025-11;М241011C;145
ozon;2025-11;MF10013M;193
ozon;2025-11;M01TEXT10102_2;514
ozon;2025-11;MF10012M;239
ozon;2025-11;MF10010M;267
ozon;2025-11;D921002;711
ozon;2025-11;LS-VODRKA;176
ozon;2025-11;W21/5W;399
ozon;2025-11;pku19-01;735
ozon;2025-11;D911018;237
ozon;2025-11;MF1006M;351
ozon;2025-11;М221001;49
ozon;2025-11;М241007;166
ozon;2025-11;MV1016F;434
ozon;2025-11;MF1008M;358
ozon;2025-11;М221002;514
ozon;2025-11;MV1011F;667
ozon;2025-11;М241010;471
ozon;2025-11;PODS-02;636
ozon;2025-11;М241030;22
ozon;2025-11;М241006C;161
ozon;2025-11;М221016;71
ozon;2025-11;MF1007M;191
ozon;2025-11;М221011;300
ozon;2025-11;М221013;225
ozon;2025-11;М241014;94
ozon;2025-11;М241029;17
ozon;2025-11;DFRW6040H;288
ozon;2025-11;DFRW6040P6;226
ozon;2025-11;D911002;68
ozon;2025-11;D911006;337
ozon;2025-11;MV1118R;98
ozon;2025-11;M01ALSU00167;2735
ozon;2025-11;MV1012F;263
ozon;2025-11;MV1116R;104
ozon;2025-11;DFRW6045P;103
ozon;2025-11;М241004C;440
ozon;2025-11;М221010;283
ozon;2025-11;М221012;215
ozon;2025-11;М221014;48
ozon;2025-11;D911007;245
ozon;2025-11;М241013;79
ozon;2025-11;MV1017F;68
ozon;2025-11;D921012;30
ozon;2025-11;М241012C;174
ozon;2025-11;М241022C;98
ozon;2025-11;М241008C;368
ozon;2025-11;MV1115R;90
ozon;2025-11;D911017;233
ozon;2025-11;М221009;606
ozon;2025-11;D911013;111
ozon;2025-11;MF1009M;722
ozon;2025-11;M01ALSU00185;294
ozon;2025-11;М221023;12
ozon;2025-11;DFRW6050;73
ozon;2025-11;D921001;163
ozon;2025-11;М221005;128
ozon;2025-11;М241002C;279
ozon;2025-11;М241003;92
ozon;2025-11;М241021C;65
ozon;2025-11;М241024C;24
ozon;2025-11;М241027;21
ozon;2025-11;M111019;29
ozon;2025-11;DFRW6535B;27
ozon;2025-11;М221006;56
ozon;2025-11;DFRW6038;11
ozon;2025-11;М221017;69
ozon;2025-11;M655ALSU00326;600
ozon;2025-11;LS-VODRL;61
ozon;2025-11;MV1020F;36
ozon;2025-11;FRW6050;74
ozon;2025-11;M112005;109
ozon;2025-11;М241023;1
ozon;2025-11;М241025C;27
ozon;2025-11;DFRW5540;24
ozon;2025-11;М241028C;34
ozon;2025-11;М221015;9
ozon;2025-11;M112013;42
ozon;2025-11;M112011;32
ozon;2025-11;FRW6045H;50
ozon;2025-11;M01LINK10102-2;92
ozon;2025-11;DFRW6550;17
ozon;2025-11;М221018;18
ozon;2025-11;MV1026F;22
ozon;2025-11;M112003;70
ozon;2025-11;M01LINK10108;13
ozon;2025-11;М221021;364
ozon;2025-11;М241001C;360
ozon;2025-11;M111015;2
ozon;2025-11;М241017C;109
ozon;2025-11;M111014;1
ozon;2025-11;DFRW6535H;23
ozon;2025-11;FRW6045P;2
ozon;2025-11;M01LINK10106;7
ozon;2025-11;М241016;88
ozon;2025-11;M111027;78
ozon;2025-11;M01LINK10103;5
ozon;2025-11;M111016;4
ozon;2025-11;FRW5050;11
ozon;2025-11;FRW6040P6;1
ozon;2025-11;3FRW6540H;34
ozon;2025-11;FRW6535B;15
ozon;2025-11;M111001;13
ozon;2025-11;M111011;3
ozon;2025-11;FRW6042;2
ozon;2025-11;3FRW5050H;1
ozon;2025-11;D911020;3
ozon;2025-11;3FRW6545H;14
ozon;2025-11;M111012;1
ozon;2025-11;LS-VODUNSL;1
ozon;2025-12;D911009;2083
ozon;2025-12;DFRW6045H;1046
ozon;2025-12;DFRW6050;271
ozon;2025-12;R1115R;4
ozon;2025-12;DFRW6040H;1397
ozon;2025-12;R1012F;2
ozon;2025-12;R1016F;1
ozon;2025-12;М221005;598
ozon;2025-12;М221002;459
ozon;2025-12;GBKIT0003;13
ozon;2025-12;MF10015M;196
ozon;2025-12;MF10018M;136
ozon;2025-12;D911012;180
ozon;2025-12;М241001C;82
ozon;2025-12;DFRW6040P9;79
ozon;2025-12;D911007;464
ozon;2025-12;D911019;300
ozon;2025-12;DFRW6040P6;555
ozon;2025-12;GFKIT0003;24
ozon;2025-12;R1130R;1
ozon;2025-12;М241009C;39
ozon;2025-12;MF10012M;330
ozon;2025-12;M111029;53
ozon;2025-12;D911003;142
ozon;2025-12;R1011F;1
ozon;2025-12;MF10014M;616
ozon;2025-12;DFRW5547H;713
ozon;2025-12;DFRW5545;807
ozon;2025-12;DFRW6545;105
ozon;2025-12;GBKIT0002;9
ozon;2025-12;D911002;118
ozon;2025-12;GFKIT0004;23
ozon;2025-12;R1025F;1
ozon;2025-12;VS-KPBLV;76
ozon;2025-12;DFRW6535H;26
ozon;2025-12;MF10016M;224
ozon;2025-12;D911010;153
ozon;2025-12;DFRW7035;25
ozon;2025-12;R1132R;1
ozon;2025-12;MV1014F;72
ozon;2025-12;GBKIT0004;6
ozon;2025-12;М221023;100
ozon;2025-12;М241028C;124
ozon;2025-12;M111021;83
ozon;2025-12;GBKIT0007;5
ozon;2025-12;М241030;238
ozon;2025-12;M111019;19
ozon;2025-12;FRW6535H;41
ozon;2025-12;D911011;1252
ozon;2025-12;MV1117R;48
ozon;2025-12;М221012;139
ozon;2025-12;М241011C;266
ozon;2025-12;DFRW6540;180
ozon;2025-12;MV1023F;113
ozon;2025-12;MV1024F;474
ozon;2025-12;MF10017M;202
ozon;2025-12;MV1110R;215
ozon;2025-12;MV1112R;110
ozon;2025-12;MV1019F;60
ozon;2025-12;D911015;1589
ozon;2025-12;M105ALSU00326;3532
ozon;2025-12;М221009;215
ozon;2025-12;MV1015F;350
ozon;2025-12;M111026;31
ozon;2025-12;LS-VODUNSL;116
ozon;2025-12;М241019;100
ozon;2025-12;LS-VODRKA;183
ozon;2025-12;MF1003M;1248
ozon;2025-12;M111020;125
ozon;2025-12;D911005;334
ozon;2025-12;M111033;25
ozon;2025-12;MF1005M;1578
ozon;2025-12;D911021;417
ozon;2025-12;M01ALSU00167;2095
ozon;2025-12;М221011;224
ozon;2025-12;M01ALSU00187;387
ozon;2025-12;D911001;6
ozon;2025-12;D911017;431
ozon;2025-12;M01TEXT10102;1413
ozon;2025-12;DFRW6542;456
ozon;2025-12;W21/5W;388
ozon;2025-12;М221003;2386
ozon;2025-12;DFRW6045V;775
ozon;2025-12;D921005;17
ozon;2025-12;M655ALSU00326;464
ozon;2025-12;D911008;262
ozon;2025-12;M02ALSU00336;703
ozon;2025-12;MV1016F;412
ozon;2025-12;VS-UPKP;1200
ozon;2025-12;М241026C;95
ozon;2025-12;DFRW6535B;161
ozon;2025-12;D921006;58
ozon;2025-12;D911018;273
ozon;2025-12;pku19-01;601
ozon;2025-12;3FRW6045H;74
ozon;2025-12;PODS-01;180
ozon;2025-12;М241002C;197
ozon;2025-12;MF1004M;390
ozon;2025-12;М221006;127
ozon;2025-12;MF1006M;364
ozon;2025-12;MV1017F;35
ozon;2025-12;М241008C;195
ozon;2025-12;MV1115R;165
ozon;2025-12;M01ALSU00185;195
ozon;2025-12;PODS-02;402
ozon;2025-12;D921007;79
ozon;2025-12;DFRW6038;66
ozon;2025-12;М241027;112
ozon;2025-12;MV1013F;89
ozon;2025-12;М221013;214
ozon;2025-12;М241010;351
ozon;2025-12;DFRW6042;50
ozon;2025-12;MF1008M;271
ozon;2025-12;FRW6050;15
ozon;2025-12;M112002;120
ozon;2025-12;D911016;304
ozon;2025-12;M112001;14
ozon;2025-12;M01VXSU00130;173
ozon;2025-12;D921002;498
ozon;2025-12;GFKIT0006;19
ozon;2025-12;D921010;72
ozon;2025-12;MV1021F;79
ozon;2025-12;М241024C;75
ozon;2025-12;pku19;124
ozon;2025-12;MV1118R;121
ozon;2025-12;M01LINK10103-2;22
ozon;2025-12;M111022;93
ozon;2025-12;MF10010M;739
ozon;2025-12;DFRW5050;72
ozon;2025-12;D911013;90
ozon;2025-12;D921012;228
ozon;2025-12;8450031975-01;193
ozon;2025-12;MV1011F;537
ozon;2025-12;D921011;46
ozon;2025-12;M111028;61
ozon;2025-12;М221007;111
ozon;2025-12;D921009;64
ozon;2025-12;DFRW6550;71
ozon;2025-12;VS-VLS-LV;92
ozon;2025-12;М241022C;110
ozon;2025-12;М221018;43
ozon;2025-12;MF10011M;319
ozon;2025-12;FRW6040P9;17
ozon;2025-12;М241013;41
ozon;2025-12;М221001;305
ozon;2025-12;M01LINK10108;7
ozon;2025-12;М241018;12
ozon;2025-12;MV1025F;341
ozon;2025-12;М221017;52
ozon;2025-12;MF10013M;194
ozon;2025-12;R1029F;1
ozon;2025-12;М241012C;108
ozon;2025-12;М221010;86
ozon;2025-12;М221021;18
ozon;2025-12;D921008;30
ozon;2025-12;MF1009M;200
ozon;2025-12;MF1007M;248
ozon;2025-12;М241023;44
ozon;2025-12;M111023;153
ozon;2025-12;М241015;89
ozon;2025-12;DFRW5540;152
ozon;2025-12;М241004C;74
ozon;2025-12;М241029;86
ozon;2025-12;М221008;182
ozon;2025-12;PL9014-4;13
ozon;2025-12;D911014;56
ozon;2025-12;D921004;60
ozon;2025-12;M112006;60
ozon;2025-12;М241003;85
ozon;2025-12;М221004;96
ozon;2025-12;FRW6545;3
ozon;2025-12;D921001;215
ozon;2025-12;MV1012F;189
ozon;2025-12;PL9008-4;15
ozon;2025-12;M112004;91
ozon;2025-12;MV1018F;45
ozon;2025-12;LS-VODRL;79
ozon;2025-12;D911004;164
ozon;2025-12;М241006C;216
ozon;2025-12;М241005C;221
ozon;2025-12;MV1113R;27
ozon;2025-12;TE5109L+TE5023R;25
ozon;2025-12;MV1026F;12
ozon;2025-12;D911006;181
ozon;2025-12;М221016;58
ozon;2025-12;MF1002M;233
ozon;2025-12;М221015;27
ozon;2025-12;PL9001-4;7
ozon;2025-12;MV1027F;116
ozon;2025-12;M112011;17
ozon;2025-12;M01TEXT10102_2;389
ozon;2025-12;М221014;74
ozon;2025-12;PL9012-4;7
ozon;2025-12;MF1001M;488
ozon;2025-12;М241025C;149
ozon;2025-12;М241014;67
ozon;2025-12;DFRW6045P;54
ozon;2025-12;М241021C;56
ozon;2025-12;MV1022F;34
ozon;2025-12;M111025;25
ozon;2025-12;TE5020R+TE5020L;15
ozon;2025-12;MV1020F;37
ozon;2025-12;MV1116R;39
ozon;2025-12;FRW6045V;9
ozon;2025-12;M111024;20
ozon;2025-12;М241017C;2
ozon;2025-12;M112013;14
ozon;2025-12;M111036;14
ozon;2025-12;3FRW6040H;13
ozon;2025-12;M112005;22
ozon;2025-12;M111037;5
ozon;2025-12;MV1111R;35
ozon;2025-12;MV1114R;12
ozon;2025-12;M01LINK10102-2;3
ozon;2025-12;PL9016-4;2
ozon;2025-12;M112007;2
ozon;2025-12;M112010;11
ozon;2025-12;М241007;42
ozon;2025-12;3FRW6540H;2
ozon;2025-12;M111012;2
ozon;2025-12;FRW6040H;2
ozon;2025-12;M111031;1
ozon;2025-12;GBKIT0001;4
ozon;2025-12;GBKIT0006;7
ozon;2025-12;М241020C;3
ozon;2025-12;M111001;1
ozon;2025-12;M112003;5
ozon;2025-12;M111034;2
ozon;2025-12;GBKIT0005;4
ozon;2025-12;M111014;1
ozon;2025-12;FRW6042;1
ozon;2025-12;FRW5050;3
ozon;2025-12;M111032;2
ozon;2025-12;FRW5545;24
ozon;2025-12;GFKIT0005;2
ozon;2025-12;M01LINK10103;3
ozon;2025-12;M111035;1
ozon;2025-12;M112009;1
ozon;2025-12;M01LINK10102;1
ozon;2025-12;M111027;1
ozon;2025-12;M01LINK10105-2;1
wb;2025-09;MF1005M;200
wb;2025-09;MF10017M;64
wb;2025-09;MF1006M;53
wb;2025-09;MF10016M;38
wb;2025-09;MF10018M;53
wb;2025-09;MF1004M;33
wb;2025-09;MF1002M;316
wb;2025-09;MF1007M;36
wb;2025-09;MF10015M;35
wb;2025-09;MF10010M;97
wb;2025-09;MF10011M;47
wb;2025-09;MF1008M;119
wb;2025-09;MF1001M;129
wb;2025-09;MF1009M;327
wb;2025-09;MF10012M;54
wb;2025-09;MF1003M;141
wb;2025-09;MF10014M;44
wb;2025-09;M105ALSU00326;802
wb;2025-09;M655ALSU00326;10
wb;2025-09;MV1018F;36
wb;2025-09;MV1115R;29
wb;2025-09;MV1016F;113
wb;2025-09;MV1014F;29
wb;2025-09;MV1021F;35
wb;2025-09;MV1111R;34
wb;2025-09;MV1027F;129
wb;2025-09;MV1017F;38
wb;2025-09;MV1020F;14
wb;2025-09;MV1015F;8
wb;2025-09;MV1026F;4
wb;2025-09;MV1019F;14
wb;2025-09;MV1024F;51
wb;2025-09;MV1116R;74
wb;2025-09;MV1118R;282
wb;2025-09;MV1117R;31
wb;2025-09;MV1113R;1
wb;2025-09;MV1110R;14
wb;2025-09;MV1114R;8
wb;2025-09;MV1112R;42
wb;2025-09;MV1022F;41
wb;2025-09;MV1023F;82
wb;2025-09;M01TEXT10102_2;7
wb;2025-09;M01TEXT10102;561
wb;2025-09;M01LINK10103-2;11
wb;2025-09;M01LINK10105;7
wb;2025-09;M01LINK10104-2;19
wb;2025-09;M01LINK10103;9
wb;2025-09;M01LINK10106-2;30
wb;2025-09;M01LINK10101-2;1
wb;2025-09;M01LINK10109;18
wb;2025-09;M01LINK10102;11
wb;2025-09;M01LINK10105-2;5
wb;2025-09;M01LINK10102-2;40
wb;2025-09;M01LINK10108;2
wb;2025-09;M01LINK10108-2;9
wb;2025-09;M01LINK10106;3
wb;2025-09;MV1025F;205
wb;2025-09;DFRW6040P9;11
wb;2025-09;DFRW5540;56
wb;2025-09;DFRW6045V;94
wb;2025-09;DFRW6042;30
wb;2025-09;DFRW6542;192
wb;2025-09;DFRW5545;22
wb;2025-09;DFRW6545;55
wb;2025-09;DFRW6050;11
wb;2025-09;DFRW6045H;26
wb;2025-09;DFRW6040H;39
wb;2025-09;DFRW5547B;12
wb;2025-09;DFRW6535B;43
wb;2025-09;DFRW6040P6;23
wb;2025-09;DFRW6550;10
wb;2025-09;DFRW6045P;28
wb;2025-09;DFRW5547H;41
wb;2025-09;DFRW7035;4
wb;2025-09;DFRW5050;94
wb;2025-09;DFRW6535H;29
wb;2025-09;DFRW6540;8
wb;2025-09;DFRW6038;81
wb;2025-09;MV1012F;288
wb;2025-09;MV1013F;24
wb;2025-09;MV1011F;642
wb;2025-09;M01ALSU00167;202
wb;2025-09;M01ALSU00187;395
wb;2025-09;PODS-01;74
wb;2025-09;PODS-02;155
wb;2025-09;VS-UPKP;385
wb;2025-09;M111001;227
wb;2025-09;M111002;98
wb;2025-09;M111003;118
wb;2025-09;M111005;3
wb;2025-09;M111006;3
wb;2025-09;M111007;34
wb;2025-09;M111008;15
wb;2025-09;M111009;15
wb;2025-09;M112001;3
wb;2025-09;M112002;29
wb;2025-09;M112003;63
wb;2025-09;M112004;85
wb;2025-09;M112005;3
wb;2025-09;M112006;4
wb;2025-09;M112007;19
wb;2025-09;M02ALSU00336;4
wb;2025-09;w21/5w;409
wb;2025-09;8450031975-01;457
wb;2025-09;FRW6540;9
wb;2025-09;FRW6535H;1
wb;2025-09;FRW6535B;28
wb;2025-09;FRW6050;6
wb;2025-09;FRW6045V;366
wb;2025-09;FRW6045P;2
wb;2025-09;FRW6045H;19
wb;2025-09;FRW6042;6
wb;2025-09;FRW6040P9;8
wb;2025-09;FRW6040P6;15
wb;2025-09;FRW6040H;2
wb;2025-09;FRW6038;13
wb;2025-09;FRW5545;4
wb;2025-09;FRW5050;29
wb;2025-09;FRW6545;1
wb;2025-09;FRW6550;2
wb;2025-09;3FRW6545H;5
wb;2025-09;3FRW5050H;215
wb;2025-09;3FRW6045H;44
wb;2025-09;3FRW6040H;1
wb;2025-09;3FRW6540H;106
wb;2025-09;M111012;3
wb;2025-09;M111013;22
wb;2025-09;M111014;2
wb;2025-09;M111015;59
wb;2025-09;M111016;6
wb;2025-09;M111017;66
wb;2025-09;M111018;51
wb;2025-09;M112008;24
wb;2025-09;M112009;15
wb;2025-09;M112010;15
wb;2025-09;M112011;11
wb;2025-09;M112012;25
wb;2025-09;D911001;0
wb;2025-09;D911002;28
wb;2025-09;D911003;6
wb;2025-09;D911004;263
wb;2025-09;D911005;3
wb;2025-09;D911006;104
wb;2025-09;D911007;69
wb;2025-09;D911008;46
wb;2025-09;D911009;132
wb;2025-09;D911010;5
wb;2025-09;D911011;18
wb;2025-09;D911012;14
wb;2025-09;D911013;8
wb;2025-09;D911014;2
wb;2025-09;D911015;91
wb;2025-09;D911016;124
wb;2025-09;D911017;32
wb;2025-09;D911018;36
wb;2025-09;D911019;4
wb;2025-09;D911020;130
wb;2025-09;D911021;112
wb;2025-09;M01VXSU00130;391
wb;2025-09;VS-KPBLV;14
wb;2025-09;pku19;238
wb;2025-09;pku19-01;107
wb;2025-09;VS-VLS-LV;172
wb;2025-09;LS-VODRL;297
wb;2025-09;LS-VODUNSL;2
wb;2025-09;LS-VODRKA;189
wb;2025-09;M01ALSU00185;75
wb;2025-09;D921001;61
wb;2025-09;М221001;0
wb;2025-09;М221002;40
wb;2025-09;М221003;258
wb;2025-09;М221004;38
wb;2025-09;М221005;2
wb;2025-09;М221006;33
wb;2025-09;М221007;45
wb;2025-09;М221008;4
wb;2025-09;М221009;50
wb;2025-09;М221010;96
wb;2025-09;М221011;7
wb;2025-09;М241001C;79
wb;2025-09;М241002C;44
wb;2025-09;М241003;4
wb;2025-09;М241004C;52
wb;2025-09;М241005C;30
wb;2025-09;М241006C;54
wb;2025-09;М241007;8
wb;2025-09;М241008C;87
wb;2025-09;М241009C;43
wb;2025-09;М241010;99
wb;2025-09;М241011C;84
wb;2025-09;D921002;129
wb;2025-09;M111019;1
wb;2025-09;M112013;17
wb;2025-09;M111022;12
wb;2025-09;M111029;11
wb;2025-09;M111031;11
wb;2025-09;M111032;5
wb;2025-09;M111034;1
wb;2025-09;M111020;10
wb;2025-09;M111021;9
wb;2025-09;M111023;73
wb;2025-09;M111024;3
wb;2025-09;M111025;10
wb;2025-09;M111026;2
wb;2025-09;M111027;9
wb;2025-09;M111028;14
wb;2025-09;M111030;3
wb;2025-09;M111033;1
wb;2025-09;M111035;2
wb;2025-09;M111036;4
wb;2025-09;M111037;1
wb;2025-09;М221013;27
wb;2025-09;М221014;25
wb;2025-09;М221016;17
wb;2025-09;М221017;26
wb;2025-09;М221018;18
wb;2025-09;М241012C;24
wb;2025-09;М241013;21
wb;2025-09;М241014;34
wb;2025-09;М241015;39
wb;2025-09;М241016;14
wb;2025-09;М241017C;5
wb;2025-09;М241018;21
wb;2025-09;М241021C;0
wb;2025-09;М241022C;1
wb;2025-09;М241019;23
wb;2025-09;М241020C;85
wb;2025-09;GFKIT0002;12
wb;2025-09;GFKIT0003;4
wb;2025-09;GFKIT0004;9
wb;2025-09;GBKIT0001;24
wb;2025-09;GBKIT0002;9
wb;2025-09;GBKIT0003;19
wb;2025-09;GBKIT0004;3
wb;2025-09;GFKIT0006;7
wb;2025-09;GBKIT0005;8
wb;2025-10;MF1005M;332
wb;2025-10;MF10017M;90
wb;2025-10;MF1006M;65
wb;2025-10;MF10016M;30
wb;2025-10;MF10018M;55
wb;2025-10;MF1004M;43
wb;2025-10;MF1002M;72
wb;2025-10;MF1007M;49
wb;2025-10;MF10015M;37
wb;2025-10;MF10010M;124
wb;2025-10;MF10011M;84
wb;2025-10;MF1008M;146
wb;2025-10;MF1001M;217
wb;2025-10;MF1009M;335
wb;2025-10;MF10012M;59
wb;2025-10;MF1003M;226
wb;2025-10;MF10014M;81
wb;2025-10;M105ALSU00326;1030
wb;2025-10;M655ALSU00326;54
wb;2025-10;MV1018F;48
wb;2025-10;MV1115R;1
wb;2025-10;MV1016F;306
wb;2025-10;MV1014F;14
wb;2025-10;MV1021F;44
wb;2025-10;MV1111R;27
wb;2025-10;MV1027F;107
wb;2025-10;MV1017F;23
wb;2025-10;MV1020F;15
wb;2025-10;MV1015F;3
wb;2025-10;MV1026F;8
wb;2025-10;MV1019F;8
wb;2025-10;MV1024F;333
wb;2025-10;MV1116R;58
wb;2025-10;MV1118R;168
wb;2025-10;MV1117R;17
wb;2025-10;MV1113R;9
wb;2025-10;MV1110R;38
wb;2025-10;MV1114R;14
wb;2025-10;MV1112R;48
wb;2025-10;MV1022F;37
wb;2025-10;MV1023F;124
wb;2025-10;M01TEXT10102_2;203
wb;2025-10;M01TEXT10102;454
wb;2025-10;M01LINK10103-2;21
wb;2025-10;M01LINK10105;3
wb;2025-10;M01LINK10104-2;1
wb;2025-10;M01LINK10103;17
wb;2025-10;M01LINK10106-2;12
wb;2025-10;M01LINK10101-2;0
wb;2025-10;M01LINK10109;6
wb;2025-10;M01LINK10102;12
wb;2025-10;M01LINK10105-2;7
wb;2025-10;M01LINK10102-2;29
wb;2025-10;M01LINK10108;2
wb;2025-10;M01LINK10108-2;7
wb;2025-10;M01LINK10106;4
wb;2025-10;MV1025F;180
wb;2025-10;DFRW6040P9;21
wb;2025-10;DFRW6045V;132
wb;2025-10;DFRW6042;21
wb;2025-10;DFRW6542;184
wb;2025-10;DFRW5545;44
wb;2025-10;DFRW6545;60
wb;2025-10;DFRW6050;12
wb;2025-10;DFRW6045H;44
wb;2025-10;DFRW6040H;81
wb;2025-10;DFRW5547B;7
wb;2025-10;DFRW6040P6;33
wb;2025-10;DFRW6550;8
wb;2025-10;DFRW6045P;39
wb;2025-10;DFRW5547H;45
wb;2025-10;DFRW7035;4
wb;2025-10;DFRW5050;71
wb;2025-10;DFRW6535H;25
wb;2025-10;DFRW6540;52
wb;2025-10;DFRW6038;154
wb;2025-10;MV1012F;190
wb;2025-10;MV1013F;46
wb;2025-10;MV1011F;946
wb;2025-10;M01ALSU00167;481
wb;2025-10;M01ALSU00187;530
wb;2025-10;PODS-01;118
wb;2025-10;PODS-02;213
wb;2025-10;VS-UPKP;544
wb;2025-10;M111001;190
wb;2025-10;M111002;9
wb;2025-10;M111003;99
wb;2025-10;M111007;26
wb;2025-10;M111008;5
wb;2025-10;M111009;4
wb;2025-10;M112001;11
wb;2025-10;M112002;122
wb;2025-10;M112003;33
wb;2025-10;M112004;11
wb;2025-10;M112005;21
wb;2025-10;M112006;36
wb;2025-10;M112007;25
wb;2025-10;M02ALSU00336;343
wb;2025-10;w21/5w;425
wb;2025-10;8450031975-01;372
wb;2025-10;FRW6540;43
wb;2025-10;FRW6535H;7
wb;2025-10;FRW6535B;80
wb;2025-10;FRW6050;7
wb;2025-10;FRW6045V;504
wb;2025-10;FRW6045P;5
wb;2025-10;FRW6045H;23
wb;2025-10;FRW6042;18
wb;2025-10;FRW6040P9;13
wb;2025-10;FRW6040P6;36
wb;2025-10;FRW6040H;31
wb;2025-10;FRW6038;5
wb;2025-10;FRW5545;13
wb;2025-10;FRW5050;82
wb;2025-10;FRW6545;13
wb;2025-10;FRW6550;8
wb;2025-10;3FRW6545H;19
wb;2025-10;3FRW5050H;61
wb;2025-10;3FRW6045H;132
wb;2025-10;3FRW6040H;134
wb;2025-10;3FRW6540H;262
wb;2025-10;M111011;1
wb;2025-10;M111013;5
wb;2025-10;M111015;3
wb;2025-10;M111016;2
wb;2025-10;M111018;4
wb;2025-10;M112008;57
wb;2025-10;M112009;44
wb;2025-10;M112010;14
wb;2025-10;M112011;24
wb;2025-10;M112012;31
wb;2025-10;D911001;0
wb;2025-10;D911002;19
wb;2025-10;D911003;5
wb;2025-10;D911004;332
wb;2025-10;D911005;29
wb;2025-10;D911006;121
wb;2025-10;D911007;121
wb;2025-10;D911008;91
wb;2025-10;D911009;344
wb;2025-10;D911010;9
wb;2025-10;D911011;40
wb;2025-10;D911012;25
wb;2025-10;D911013;33
wb;2025-10;D911014;9
wb;2025-10;D911015;209
wb;2025-10;D911016;158
wb;2025-10;D911017;13
wb;2025-10;D911018;78
wb;2025-10;D911019;19
wb;2025-10;D911020;87
wb;2025-10;D911021;191
wb;2025-10;M01VXSU00130;251
wb;2025-10;VS-KPBLV;40
wb;2025-10;pku19;187
wb;2025-10;pku19-01;191
wb;2025-10;VS-VLS-LV;407
wb;2025-10;LS-VODRL;215
wb;2025-10;LS-VODRKA;159
wb;2025-10;M01ALSU00185;132
wb;2025-10;D921001;98
wb;2025-10;М221001;0
wb;2025-10;М221002;21
wb;2025-10;М221003;224
wb;2025-10;М221004;22
wb;2025-10;М221005;77
wb;2025-10;М221006;42
wb;2025-10;М221007;78
wb;2025-10;М221008;3
wb;2025-10;М221009;37
wb;2025-10;М221010;106
wb;2025-10;М221011;83
wb;2025-10;М221012;18
wb;2025-10;М241001C;123
wb;2025-10;М241002C;109
wb;2025-10;М241003;36
wb;2025-10;М241004C;95
wb;2025-10;М241005C;29
wb;2025-10;М241006C;50
wb;2025-10;М241007;69
wb;2025-10;М241008C;249
wb;2025-10;М241009C;109
wb;2025-10;М241010;62
wb;2025-10;М241011C;45
wb;2025-10;D921002;253
wb;2025-10;M111019;8
wb;2025-10;M112013;17
wb;2025-10;M111022;31
wb;2025-10;M111029;23
wb;2025-10;M111031;26
wb;2025-10;M111032;46
wb;2025-10;M111034;24
wb;2025-10;M111020;18
wb;2025-10;M111021;16
wb;2025-10;M111023;132
wb;2025-10;M111024;2
wb;2025-10;M111025;29
wb;2025-10;M111026;7
wb;2025-10;M111027;30
wb;2025-10;M111028;14
wb;2025-10;M111030;29
wb;2025-10;M111033;28
wb;2025-10;M111035;59
wb;2025-10;M111036;63
wb;2025-10;M111037;47
wb;2025-10;М221013;55
wb;2025-10;М221014;5
wb;2025-10;М221015;0
wb;2025-10;М221016;0
wb;2025-10;М221017;9
wb;2025-10;М221018;16
wb;2025-10;М241012C;6
wb;2025-10;М241013;18
wb;2025-10;М241014;12
wb;2025-10;М241015;11
wb;2025-10;М241016;48
wb;2025-10;М241017C;27
wb;2025-10;М241018;3
wb;2025-10;М241021C;3
wb;2025-10;М241022C;6
wb;2025-10;М241019;160
wb;2025-10;М241020C;26
wb;2025-10;GFKIT0005;14
wb;2025-10;GFKIT0002;16
wb;2025-10;GFKIT0003;7
wb;2025-10;GFKIT0004;27
wb;2025-10;GBKIT0001;46
wb;2025-10;GBKIT0002;44
wb;2025-10;GBKIT0003;24
wb;2025-10;GBKIT0004;47
wb;2025-10;GFKIT0006;23
wb;2025-10;М221021;215
wb;2025-10;М241026C;0
wb;2025-10;М241028C;0
wb;2025-10;М241030;0
wb;2025-10;GBKIT0005;55
wb;2025-11;MF1005M;501
wb;2025-11;MF10017M;112
wb;2025-11;MF1006M;168
wb;2025-11;MF10016M;56
wb;2025-11;MF10018M;62
wb;2025-11;MF1004M;75
wb;2025-11;MF1002M;62
wb;2025-11;MF1007M;82
wb;2025-11;MF10015M;51
wb;2025-11;MF10010M;186
wb;2025-11;MF10011M;130
wb;2025-11;MF1008M;189
wb;2025-11;MF1001M;518
wb;2025-11;MF1009M;463
wb;2025-11;MF10012M;82
wb;2025-11;MF1003M;335
wb;2025-11;MF10014M;255
wb;2025-11;M105ALSU00326;885
wb;2025-11;M655ALSU00326;69
wb;2025-11;MV1018F;59
wb;2025-11;MV1115R;3
wb;2025-11;MV1016F;965
wb;2025-11;MV1014F;24
wb;2025-11;MV1021F;45
wb;2025-11;MV1111R;39
wb;2025-11;MV1027F;161
wb;2025-11;MV1017F;53
wb;2025-11;MV1020F;22
wb;2025-11;MV1015F;100
wb;2025-11;MV1026F;10
wb;2025-11;MV1019F;19
wb;2025-11;MV1024F;323
wb;2025-11;MV1116R;104
wb;2025-11;MV1118R;216
wb;2025-11;MV1117R;58
wb;2025-11;MV1113R;10
wb;2025-11;MV1110R;81
wb;2025-11;MV1114R;12
wb;2025-11;MV1112R;72
wb;2025-11;MV1022F;38
wb;2025-11;MV1023F;174
wb;2025-11;M01TEXT10102_2;85
wb;2025-11;M01TEXT10102;845
wb;2025-11;M01LINK10103-2;17
wb;2025-11;M01LINK10105;4
wb;2025-11;M01LINK10103;11
wb;2025-11;M01LINK10106-2;0
wb;2025-11;M01LINK10109;2
wb;2025-11;M01LINK10102;13
wb;2025-11;M01LINK10105-2;8
wb;2025-11;M01LINK10102-2;27
wb;2025-11;M01LINK10108;2
wb;2025-11;M01LINK10108-2;23
wb;2025-11;M01LINK10106;5
wb;2025-11;MV1025F;224
wb;2025-11;DFRW6040P9;24
wb;2025-11;DFRW5540;0
wb;2025-11;DFRW6045V;102
wb;2025-11;DFRW6042;23
wb;2025-11;DFRW6542;1
wb;2025-11;DFRW5545;39
wb;2025-11;DFRW6545;75
wb;2025-11;DFRW6050;42
wb;2025-11;DFRW6045H;36
wb;2025-11;DFRW6040H;59
wb;2025-11;DFRW6535B;1
wb;2025-11;DFRW6040P6;38
wb;2025-11;DFRW6550;9
wb;2025-11;DFRW6045P;28
wb;2025-11;DFRW5547H;30
wb;2025-11;DFRW7035;4
wb;2025-11;DFRW5050;115
wb;2025-11;DFRW6535H;17
wb;2025-11;DFRW6540;34
wb;2025-11;DFRW6038;5
wb;2025-11;MV1012F;405
wb;2025-11;MV1013F;62
wb;2025-11;MV1011F;771
wb;2025-11;M01ALSU00167;567
wb;2025-11;M01ALSU00187;361
wb;2025-11;PODS-01;142
wb;2025-11;PODS-02;225
wb;2025-11;VS-UPKP;562
wb;2025-11;M111001;204
wb;2025-11;M111002;4
wb;2025-11;M111003;53
wb;2025-11;M111005;1
wb;2025-11;M111007;3
wb;2025-11;M111008;13
wb;2025-11;M111009;7
wb;2025-11;M112001;3
wb;2025-11;M112002;99
wb;2025-11;M112003;7
wb;2025-11;M112004;130
wb;2025-11;M112005;3
wb;2025-11;M112006;66
wb;2025-11;M112007;44
wb;2025-11;M02ALSU00336;752
wb;2025-11;w21/5w;536
wb;2025-11;8450031975-01;266
wb;2025-11;FRW6540;1
wb;2025-11;FRW6535H;15
wb;2025-11;FRW6535B;11
wb;2025-11;FRW6050;58
wb;2025-11;FRW6045V;597
wb;2025-11;FRW6045P;10
wb;2025-11;FRW6045H;32
wb;2025-11;FRW6042;25
wb;2025-11;FRW6040P9;12
wb;2025-11;FRW6040P6;5
wb;2025-11;FRW6040H;103
wb;2025-11;FRW5545;15
wb;2025-11;FRW5050;23
wb;2025-11;FRW6545;17
wb;2025-11;FRW6550;5
wb;2025-11;3FRW6545H;30
wb;2025-11;3FRW5050H;0
wb;2025-11;3FRW6045H;210
wb;2025-11;3FRW6040H;101
wb;2025-11;3FRW6540H;8
wb;2025-11;M111011;1
wb;2025-11;M111013;0
wb;2025-11;M111016;1
wb;2025-11;M111018;2
wb;2025-11;M112008;48
wb;2025-11;M112009;60
wb;2025-11;M112010;25
wb;2025-11;M112011;36
wb;2025-11;M112012;9
wb;2025-11;D911001;2
wb;2025-11;D911002;23
wb;2025-11;D911003;21
wb;2025-11;D911004;386
wb;2025-11;D911005;17
wb;2025-11;D911006;89
wb;2025-11;D911007;167
wb;2025-11;D911008;70
wb;2025-11;D911009;368
wb;2025-11;D911010;20
wb;2025-11;D911011;86
wb;2025-11;D911012;31
wb;2025-11;D911013;54
wb;2025-11;D911014;18
wb;2025-11;D911015;180
wb;2025-11;D911016;249
wb;2025-11;D911017;86
wb;2025-11;D911018;325
wb;2025-11;D911019;22
wb;2025-11;D911020;67
wb;2025-11;D911021;208
wb;2025-11;M01VXSU00130;270
wb;2025-11;VS-KPBLV;34
wb;2025-11;pku19;191
wb;2025-11;pku19-01;190
wb;2025-11;VS-VLS-LV;297
wb;2025-11;LS-VODRL;87
wb;2025-11;LS-VODRKA;2
wb;2025-11;M01ALSU00185;121
wb;2025-11;D921001;133
wb;2025-11;М221001;28
wb;2025-11;М221002;144
wb;2025-11;М221003;328
wb;2025-11;М221004;31
wb;2025-11;М221005;139
wb;2025-11;М221006;41
wb;2025-11;М221007;95
wb;2025-11;М221008;26
wb;2025-11;М221009;139
wb;2025-11;М221010;109
wb;2025-11;М221011;78
wb;2025-11;М221012;72
wb;2025-11;М241001C;116
wb;2025-11;М241002C;97
wb;2025-11;М241003;47
wb;2025-11;М241004C;118
wb;2025-11;М241005C;98
wb;2025-11;М241006C;75
wb;2025-11;М241007;75
wb;2025-11;М241008C;252
wb;2025-11;М241009C;95
wb;2025-11;М241010;81
wb;2025-11;М241011C;119
wb;2025-11;D921002;226
wb;2025-11;M111019;8
wb;2025-11;M112013;24
wb;2025-11;M111022;102
wb;2025-11;M111029;28
wb;2025-11;M111031;52
wb;2025-11;M111032;42
wb;2025-11;M111034;52
wb;2025-11;M111020;71
wb;2025-11;M111021;25
wb;2025-11;M111023;367
wb;2025-11;M111024;9
wb;2025-11;M111025;34
wb;2025-11;M111026;39
wb;2025-11;M111027;5
wb;2025-11;M111028;157
wb;2025-11;M111030;5
wb;2025-11;M111033;19
wb;2025-11;M111035;32
wb;2025-11;M111036;41
wb;2025-11;M111037;42
wb;2025-11;М221013;100
wb;2025-11;М221014;10
wb;2025-11;М221015;7
wb;2025-11;М221016;55
wb;2025-11;М221017;15
wb;2025-11;М221018;2
wb;2025-11;М241012C;59
wb;2025-11;М241013;15
wb;2025-11;М241014;38
wb;2025-11;М241015;53
wb;2025-11;М241016;0
wb;2025-11;М241017C;24
wb;2025-11;М241018;1
wb;2025-11;М241021C;27
wb;2025-11;М241022C;48
wb;2025-11;М241019;84
wb;2025-11;М241020C;21
wb;2025-11;GFKIT0001;0
wb;2025-11;GFKIT0005;21
wb;2025-11;GFKIT0003;4
wb;2025-11;GFKIT0004;2
wb;2025-11;GBKIT0001;23
wb;2025-11;GBKIT0002;11
wb;2025-11;GBKIT0003;13
wb;2025-11;GBKIT0004;58
wb;2025-11;D921012;0
wb;2025-11;GFKIT0006;7
wb;2025-11;М221021;89
wb;2025-11;М241024C;11
wb;2025-11;М241025C;19
wb;2025-11;М241026C;27
wb;2025-11;М241027;8
wb;2025-11;М241028C;61
wb;2025-11;М241029;6
wb;2025-11;М241030;63
wb;2025-11;М241023;1
wb;2025-11;GBKIT0005;21
wb;2025-11;MF10013M;0
wb;2025-11;GBKIT0006;0
wb;2025-11;GBKIT0007;0
wb;2025-11;PL9001-4;0
wb;2025-11;PL9014-4;0
wb;2025-11;PL9008-4;0
wb;2025-11;PL9012-4;0
wb;2025-11;PL9016-4;0
wb;2025-11;TE5109L+TE5023R;0
wb;2025-11;TE5020R+TE5020L;0
wb;2025-12;MF1005M;367
wb;2025-12;MF10017M;82
wb;2025-12;MF1006M;151
wb;2025-12;MF10016M;19
wb;2025-12;MF10018M;48
wb;2025-12;MF1004M;58
wb;2025-12;MF1002M;3
wb;2025-12;MF1007M;70
wb;2025-12;MF10015M;51
wb;2025-12;MF10010M;128
wb;2025-12;MF10011M;131
wb;2025-12;MF1008M;136
wb;2025-12;MF1001M;323
wb;2025-12;MF1009M;77
wb;2025-12;MF10012M;68
wb;2025-12;MF1003M;277
wb;2025-12;MF10014M;267
wb;2025-12;M105ALSU00326;658
wb;2025-12;M655ALSU00326;66
wb;2025-12;MV1018F;32
wb;2025-12;MV1115R;92
wb;2025-12;MV1016F;246
wb;2025-12;MV1014F;29
wb;2025-12;MV1021F;30
wb;2025-12;MV1111R;33
wb;2025-12;MV1027F;93
wb;2025-12;MV1017F;23
wb;2025-12;MV1020F;23
wb;2025-12;MV1015F;60
wb;2025-12;MV1026F;10
wb;2025-12;MV1019F;6
wb;2025-12;MV1024F;271
wb;2025-12;MV1116R;48
wb;2025-12;MV1118R;127
wb;2025-12;MV1117R;35
wb;2025-12;MV1113R;9
wb;2025-12;MV1110R;51
wb;2025-12;MV1114R;10
wb;2025-12;MV1112R;50
wb;2025-12;MV1022F;15
wb;2025-12;MV1023F;59
wb;2025-12;M01TEXT10102_2;358
wb;2025-12;M01TEXT10102;1530
wb;2025-12;M01LINK10103-2;11
wb;2025-12;M01LINK10103;3
wb;2025-12;M01LINK10109;2
wb;2025-12;M01LINK10102;6
wb;2025-12;M01LINK10102-2;15
wb;2025-12;M01LINK10108;0
wb;2025-12;M01LINK10106;2
wb;2025-12;MV1025F;149
wb;2025-12;DFRW6040P9;38
wb;2025-12;DFRW5540;37
wb;2025-12;DFRW6045V;367
wb;2025-12;DFRW6042;60
wb;2025-12;DFRW6542;185
wb;2025-12;DFRW5545;84
wb;2025-12;DFRW6545;47
wb;2025-12;DFRW6050;47
wb;2025-12;DFRW6045H;45
wb;2025-12;DFRW6040H;65
wb;2025-12;DFRW6535B;57
wb;2025-12;DFRW6040P6;16
wb;2025-12;DFRW6550;4
wb;2025-12;DFRW6045P;50
wb;2025-12;DFRW5547H;39
wb;2025-12;DFRW7035;0
wb;2025-12;DFRW5050;111
wb;2025-12;DFRW6535H;27
wb;2025-12;DFRW6540;13
wb;2025-12;DFRW6038;82
wb;2025-12;MV1012F;255
wb;2025-12;MV1013F;56
wb;2025-12;MV1011F;327
wb;2025-12;M01ALSU00167;324
wb;2025-12;M01ALSU00187;60
wb;2025-12;PODS-01;115
wb;2025-12;PODS-02;192
wb;2025-12;VS-UPKP;473
wb;2025-12;M111001;5
wb;2025-12;M111002;1
wb;2025-12;M111003;0
wb;2025-12;M111005;0
wb;2025-12;M111007;0
wb;2025-12;M111009;2
wb;2025-12;M112002;80
wb;2025-12;M112003;1
wb;2025-12;M112004;54
wb;2025-12;M112006;41
wb;2025-12;M112007;22
wb;2025-12;M02ALSU00336;796
wb;2025-12;w21/5w;563
wb;2025-12;8450031975-01;211
wb;2025-12;FRW6535H;23
wb;2025-12;FRW6050;40
wb;2025-12;FRW6045V;115
wb;2025-12;FRW6045P;14
wb;2025-12;FRW6045H;8
wb;2025-12;FRW6040P9;13
wb;2025-12;FRW6040H;0
wb;2025-12;FRW5545;12
wb;2025-12;FRW5050;1
wb;2025-12;FRW6545;49
wb;2025-12;FRW6550;12
wb;2025-12;3FRW6045H;20
wb;2025-12;3FRW6040H;0
wb;2025-12;3FRW6540H;2
wb;2025-12;M111018;1
wb;2025-12;M112008;3
wb;2025-12;M112009;8
wb;2025-12;M112010;25
wb;2025-12;M112011;25
wb;2025-12;M112012;5
wb;2025-12;D911001;2
wb;2025-12;D911002;18
wb;2025-12;D911003;16
wb;2025-12;D911004;10
wb;2025-12;D911005;24
wb;2025-12;D911006;36
wb;2025-12;D911007;236
wb;2025-12;D911008;141
wb;2025-12;D911009;596
wb;2025-12;D911010;13
wb;2025-12;D911011;110
wb;2025-12;D911012;55
wb;2025-12;D911013;47
wb;2025-12;D911014;11
wb;2025-12;D911015;248
wb;2025-12;D911016;186
wb;2025-12;D911017;157
wb;2025-12;D911018;216
wb;2025-12;D911019;55
wb;2025-12;D911020;1
wb;2025-12;D911021;306
wb;2025-12;M01VXSU00130;233
wb;2025-12;VS-KPBLV;32
wb;2025-12;pku19;211
wb;2025-12;pku19-01;150
wb;2025-12;VS-VLS-LV;225
wb;2025-12;LS-VODRL;48
wb;2025-12;LS-VODUNSL;12
wb;2025-12;LS-VODRKA;16
wb;2025-12;M01ALSU00185;93
wb;2025-12;D921001;133
wb;2025-12;М221001;107
wb;2025-12;М221002;168
wb;2025-12;М221003;998
wb;2025-12;М221004;5
wb;2025-12;М221005;149
wb;2025-12;М221006;44
wb;2025-12;М221007;36
wb;2025-12;М221008;23
wb;2025-12;М221009;175
wb;2025-12;М221010;81
wb;2025-12;М221011;57
wb;2025-12;М221012;49
wb;2025-12;М241001C;77
wb;2025-12;М241002C;30
wb;2025-12;М241003;38
wb;2025-12;М241004C;63
wb;2025-12;М241005C;68
wb;2025-12;М241006C;85
wb;2025-12;М241007;51
wb;2025-12;М241008C;156
wb;2025-12;М241009C;40
wb;2025-12;М241010;128
wb;2025-12;М241011C;117
wb;2025-12;D921002;190
wb;2025-12;M111019;24
wb;2025-12;M112013;17
wb;2025-12;M111022;76
wb;2025-12;M111029;22
wb;2025-12;M111031;21
wb;2025-12;M111032;23
wb;2025-12;M111034;24
wb;2025-12;M111020;46
wb;2025-12;M111021;27
wb;2025-12;M111023;240
wb;2025-12;M111024;3
wb;2025-12;M111025;19
wb;2025-12;M111026;28
wb;2025-12;M111027;2
wb;2025-12;M111028;88
wb;2025-12;M111030;2
wb;2025-12;M111033;12
wb;2025-12;M111035;19
wb;2025-12;M111036;21
wb;2025-12;M111037;27
wb;2025-12;М221013;54
wb;2025-12;М221014;52
wb;2025-12;М221015;31
wb;2025-12;М221016;38
wb;2025-12;М221017;16
wb;2025-12;М241012C;44
wb;2025-12;М241013;1
wb;2025-12;М241014;1
wb;2025-12;М241015;40
wb;2025-12;М241017C;1
wb;2025-12;М241018;8
wb;2025-12;М241021C;18
wb;2025-12;М241022C;40
wb;2025-12;М241019;34
wb;2025-12;М241020C;0
wb;2025-12;R1115R;8
wb;2025-12;R1012F;2
wb;2025-12;R1011F;1
wb;2025-12;R1130R;6
wb;2025-12;R1029F;0
wb;2025-12;R1016F;12
wb;2025-12;R1025F;12
wb;2025-12;R1028F;4
wb;2025-12;R1131R;2
wb;2025-12;R1132R;11
wb;2025-12;R1116R;2
wb;2025-12;GFKIT0001;1
wb;2025-12;GFKIT0005;10
wb;2025-12;GFKIT0003;0
wb;2025-12;GFKIT0004;12
wb;2025-12;GBKIT0001;12
wb;2025-12;GBKIT0002;40
wb;2025-12;GBKIT0003;46
wb;2025-12;GBKIT0004;42
wb;2025-12;D921012;53
wb;2025-12;GFKIT0006;21
wb;2025-12;М221021;58
wb;2025-12;D921010;18
wb;2025-12;D921011;22
wb;2025-12;D921004;42
wb;2025-12;D921005;50
wb;2025-12;D921006;11
wb;2025-12;D921007;40
wb;2025-12;D921008;36
wb;2025-12;D921009;35
wb;2025-12;М221023;3
wb;2025-12;М241024C;15
wb;2025-12;М241025C;75
wb;2025-12;М241026C;71
wb;2025-12;М241027;38
wb;2025-12;М241028C;73
wb;2025-12;М241029;77
wb;2025-12;М241030;95
wb;2025-12;М241023;32
wb;2025-12;GBKIT0005;15
wb;2025-12;MF10013M;23
wb;2025-12;GBKIT0006;10
wb;2025-12;GBKIT0007;13
wb;2025-12;PL9001-4;14
wb;2025-12;PL9014-4;22
wb;2025-12;PL9008-4;43
wb;2025-12;PL9012-4;9
wb;2025-12;PL9016-4;6
wb;2025-12;TE5109L+TE5023R;28
wb;2025-12;TE5020R+TE5020L;6
wb;2025-12;М221024;0
wb;2025-12;М221025;0
wb;2025-12;М241031;0
wb;2025-12;М241032;0