period;warehouse;sku;quantity
01.09.2025;ozon;3FRW5050H;59
01.09.2025;ozon;3FRW6040H;166
01.09.2025;ozon;3FRW6045H;17
01.09.2025;ozon;3FRW6540H;83
01.09.2025;ozon;3FRW6545H;34
01.09.2025;ozon;8450031975-01;501
01.09.2025;ozon;D911001;12
01.09.2025;ozon;D911002;26
01.09.2025;ozon;D911004;348
01.09.2025;ozon;D911005;92
01.09.2025;ozon;D911006;114
01.09.2025;ozon;D911007;98
01.09.2025;ozon;D911008;178
01.09.2025;ozon;D911009;366
01.09.2025;ozon;D911010;68
01.09.2025;ozon;D911011;130
01.09.2025;ozon;D911012;25
01.09.2025;ozon;D911013;163
01.09.2025;ozon;D911014;8
01.09.2025;ozon;D911015;528
01.09.2025;ozon;D911016;148
01.09.2025;ozon;D911017;109
01.09.2025;ozon;D911018;209
01.09.2025;ozon;D911019;58
01.09.2025;ozon;D911020;64
01.09.2025;ozon;D911021;293
01.09.2025;ozon;D921001;115
01.09.2025;ozon;D921002;427
01.09.2025;ozon;DFRW5050;50
01.09.2025;ozon;DFRW5540;0
01.09.2025;ozon;DFRW5545;92
01.09.2025;ozon;DFRW5547B;81
01.09.2025;ozon;DFRW5547H;145
01.09.2025;ozon;DFRW6038;1
01.09.2025;ozon;DFRW6040H;143
01.09.2025;ozon;DFRW6040P6;143
01.09.2025;ozon;DFRW6040P9;69
01.09.2025;ozon;DFRW6042;9
01.09.2025;ozon;DFRW6045H;234
01.09.2025;ozon;DFRW6045P;97
01.09.2025;ozon;DFRW6045V;381
01.09.2025;ozon;DFRW6050;103
01.09.2025;ozon;DFRW6535B;95
01.09.2025;ozon;DFRW6535H;82
01.09.2025;ozon;DFRW6540;161
01.09.2025;ozon;DFRW6542;270
01.09.2025;ozon;DFRW6545;47
01.09.2025;ozon;DFRW6550;43
01.09.2025;ozon;DFRW7035;55
01.09.2025;ozon;FRW5050;45
01.09.2025;ozon;FRW5545;45
01.09.2025;ozon;FRW5547B;1
01.09.2025;ozon;FRW6040H;117
01.09.2025;ozon;FRW6040P6;14
01.09.2025;ozon;FRW6040P9;42
01.09.2025;ozon;FRW6042;4
01.09.2025;ozon;FRW6045H;84
01.09.2025;ozon;FRW6045P;1
01.09.2025;ozon;FRW6045V;69
01.09.2025;ozon;FRW6050;19
01.09.2025;ozon;FRW6535B;37
01.09.2025;ozon;FRW6535H;28
01.09.2025;ozon;FRW6542;0
01.09.2025;ozon;FRW6545;30
01.09.2025;ozon;FRW6550;31
01.09.2025;ozon;LS-VODRKA;186
01.09.2025;ozon;LS-VODRL;3
01.09.2025;ozon;LS-VODUNSL;2
01.09.2025;ozon;M01ALSU00167;1171
01.09.2025;ozon;M01ALSU00185;210
01.09.2025;ozon;M01ALSU00187;255
01.09.2025;ozon;M01LINK10101-2;1
01.09.2025;ozon;M01LINK10102;77
01.09.2025;ozon;M01LINK10102-2;157
01.09.2025;ozon;M01LINK10103;23
01.09.2025;ozon;M01LINK10103-2;25
01.09.2025;ozon;M01LINK10104;10
01.09.2025;ozon;M01LINK10104-2;0
01.09.2025;ozon;M01LINK10105;12
01.09.2025;ozon;M01LINK10105-2;8
01.09.2025;ozon;M01LINK10106;16
01.09.2025;ozon;M01LINK10106-2;5
01.09.2025;ozon;M01LINK10108;38
01.09.2025;ozon;M01LINK10108-2;12
01.09.2025;ozon;M01LINK10109;1
01.09.2025;ozon;M01TEXT10102;457
01.09.2025;ozon;M01TEXT10102_2;180
01.09.2025;ozon;M01VXSU00130;2384
01.09.2025;ozon;M02ALSU00336;0
01.09.2025;ozon;M105ALSU00326;3166
01.09.2025;ozon;M111001;298
01.09.2025;ozon;M111002;0
01.09.2025;ozon;M111003;117
01.09.2025;ozon;M111004;1
01.09.2025;ozon;M111005;0
01.09.2025;ozon;M111007;3
01.09.2025;ozon;M111009;0
01.09.2025;ozon;M111010;0
01.09.2025;ozon;M111011;0
01.09.2025;ozon;M111012;0
01.09.2025;ozon;M111013;1
01.09.2025;ozon;M111014;0
01.09.2025;ozon;M111015;0
01.09.2025;ozon;M111016;0
01.09.2025;ozon;M111019;31
01.09.2025;ozon;M111020;385
01.09.2025;ozon;M111021;420
01.09.2025;ozon;M111022;47
01.09.2025;ozon;M111023;111
01.09.2025;ozon;M111024;92
01.09.2025;ozon;M111025;26
01.09.2025;ozon;M111026;122
01.09.2025;ozon;M111027;87
01.09.2025;ozon;M111028;101
01.09.2025;ozon;M111029;101
01.09.2025;ozon;M111030;7
01.09.2025;ozon;M111031;41
01.09.2025;ozon;M111032;8
01.09.2025;ozon;M111033;5
01.09.2025;ozon;M111034;8
01.09.2025;ozon;M111035;3
01.09.2025;ozon;M111036;6
01.09.2025;ozon;M111037;6
01.09.2025;ozon;M112001;347
01.09.2025;ozon;M112002;279
01.09.2025;ozon;M112003;11
01.09.2025;ozon;M112004;1
01.09.2025;ozon;M112005;9
01.09.2025;ozon;M112006;5
01.09.2025;ozon;M112007;9
01.09.2025;ozon;M112008;13
01.09.2025;ozon;M112009;3
01.09.2025;ozon;M112010;6
01.09.2025;ozon;M112011;19
01.09.2025;ozon;M112012;24
01.09.2025;ozon;M112013;14
01.09.2025;ozon;M655ALSU00326;480
01.09.2025;ozon;MF10010M;492
01.09.2025;ozon;MF10011M;289
01.09.2025;ozon;MF10012M;548
01.09.2025;ozon;MF10013M;117
01.09.2025;ozon;MF10014M;399
01.09.2025;ozon;MF10015M;192
01.09.2025;ozon;MF10016M;141
01.09.2025;ozon;MF10017M;377
01.09.2025;ozon;MF10018M;234
01.09.2025;ozon;MF1001M;89
01.09.2025;ozon;MF1002M;8
01.09.2025;ozon;MF1003M;969
01.09.2025;ozon;MF1004M;471
01.09.2025;ozon;MF1005M;1512
01.09.2025;ozon;MF1006M;371
01.09.2025;ozon;MF1007M;286
01.09.2025;ozon;MF1008M;848
01.09.2025;ozon;MF1009M;682
01.09.2025;ozon;MV1011F;1168
01.09.2025;ozon;MV1012F;0
01.09.2025;ozon;MV1013F;100
01.09.2025;ozon;MV1014F;72
01.09.2025;ozon;MV1015F;1
01.09.2025;ozon;MV1016F;2
01.09.2025;ozon;MV1017F;56
01.09.2025;ozon;MV1018F;37
01.09.2025;ozon;MV1019F;76
01.09.2025;ozon;MV1020F;96
01.09.2025;ozon;MV1021F;156
01.09.2025;ozon;MV1022F;82
01.09.2025;ozon;MV1023F;63
01.09.2025;ozon;MV1024F;48
01.09.2025;ozon;MV1025F;369
01.09.2025;ozon;MV1026F;50
01.09.2025;ozon;MV1110R;39
01.09.2025;ozon;MV1111R;77
01.09.2025;ozon;MV1112R;93
01.09.2025;ozon;MV1113R;37
01.09.2025;ozon;MV1114R;66
01.09.2025;ozon;MV1115R;244
01.09.2025;ozon;MV1116R;232
01.09.2025;ozon;MV1117R;81
01.09.2025;ozon;MV1118R;119
01.09.2025;ozon;PODS-01;280
01.09.2025;ozon;PODS-02;463
01.09.2025;ozon;VS-KPBLV;287
01.09.2025;ozon;VS-UPKP;2224
01.09.2025;ozon;VS-VLS-LV;376
01.09.2025;ozon;W21/5W;632
01.09.2025;ozon;pku19;778
01.09.2025;ozon;pku19-01;504
01.09.2025;ozon;М221002;279
01.09.2025;ozon;М221003;95
01.09.2025;ozon;М221004;147
01.09.2025;ozon;М221005;769
01.09.2025;ozon;М221006;80
01.09.2025;ozon;М221009;1
01.09.2025;ozon;М221010;379
01.09.2025;ozon;М221011;805
01.09.2025;ozon;М221013;356
01.09.2025;ozon;М221014;202
01.09.2025;ozon;М221016;144
01.09.2025;ozon;М221017;106
01.09.2025;ozon;М221018;217
01.09.2025;ozon;М241001C;45
01.09.2025;ozon;М241002C;0
01.09.2025;ozon;М241003;310
01.09.2025;ozon;М241004C;128
01.09.2025;ozon;М241005C;136
01.09.2025;ozon;М241006C;0
01.09.2025;ozon;М241007;338
01.09.2025;ozon;М241008C;130
01.09.2025;ozon;М241009C;114
01.09.2025;ozon;М241010;48
01.09.2025;ozon;М241011C;10
01.09.2025;ozon;М241012C;58
01.09.2025;ozon;М241013;187
01.09.2025;ozon;М241014;68
01.09.2025;ozon;М241015;170
01.09.2025;ozon;М241016;186
01.09.2025;ozon;М241017C;195
01.09.2025;ozon;М241018;191
01.09.2025;ozon;М241019;357
01.09.2025;ozon;М241020C;316
01.09.2025;ozon;М241021C;150
01.09.2025;ozon;М241022C;103
01.10.2025;ozon;3FRW5050H;0
01.10.2025;ozon;3FRW6040H;353
01.10.2025;ozon;3FRW6045H;146
01.10.2025;ozon;3FRW6540H;35
01.10.2025;ozon;3FRW6545H;15
01.10.2025;ozon;8450031975-01;678
01.10.2025;ozon;D911001;11
01.10.2025;ozon;D911002;67
01.10.2025;ozon;D911003;121
01.10.2025;ozon;D911004;613
01.10.2025;ozon;D911005;28
01.10.2025;ozon;D911006;259
01.10.2025;ozon;D911007;312
01.10.2025;ozon;D911008;105
01.10.2025;ozon;D911009;1069
01.10.2025;ozon;D911010;141
01.10.2025;ozon;D911011;336
01.10.2025;ozon;D911012;124
01.10.2025;ozon;D911013;119
01.10.2025;ozon;D911014;88
01.10.2025;ozon;D911015;1374
01.10.2025;ozon;D911016;299
01.10.2025;ozon;D911017;405
01.10.2025;ozon;D911018;212
01.10.2025;ozon;D911019;153
01.10.2025;ozon;D911020;1
01.10.2025;ozon;D911021;950
01.10.2025;ozon;D921001;441
01.10.2025;ozon;D921002;566
01.10.2025;ozon;DFRW5050;811
01.10.2025;ozon;DFRW5545;96
01.10.2025;ozon;DFRW5547H;219
01.10.2025;ozon;DFRW6038;0
01.10.2025;ozon;DFRW6040H;540
01.10.2025;ozon;DFRW6040P6;257
01.10.2025;ozon;DFRW6040P9;157
01.10.2025;ozon;DFRW6042;133
01.10.2025;ozon;DFRW6045H;239
01.10.2025;ozon;DFRW6045P;170
01.10.2025;ozon;DFRW6045V;783
01.10.2025;ozon;DFRW6050;347
01.10.2025;ozon;DFRW6535B;18
01.10.2025;ozon;DFRW6535H;124
01.10.2025;ozon;DFRW6540;176
01.10.2025;ozon;DFRW6542;102
01.10.2025;ozon;DFRW6545;105
01.10.2025;ozon;DFRW6550;104
01.10.2025;ozon;DFRW7035;52
01.10.2025;ozon;FRW5050;6
01.10.2025;ozon;FRW5545;41
01.10.2025;ozon;FRW6040H;88
01.10.2025;ozon;FRW6040P6;0
01.10.2025;ozon;FRW6040P9;53
01.10.2025;ozon;FRW6042;2
01.10.2025;ozon;FRW6045H;52
01.10.2025;ozon;FRW6045P;0
01.10.2025;ozon;FRW6045V;272
01.10.2025;ozon;FRW6050;40
01.10.2025;ozon;FRW6535B;16
01.10.2025;ozon;FRW6535H;29
01.10.2025;ozon;FRW6542;0
01.10.2025;ozon;FRW6545;28
01.10.2025;ozon;FRW6550;15
01.10.2025;ozon;LS-VODRKA;129
01.10.2025;ozon;LS-VODRL;0
01.10.2025;ozon;LS-VODUNSL;0
01.10.2025;ozon;M01ALSU00167;1083
01.10.2025;ozon;M01ALSU00185;634
01.10.2025;ozon;M01ALSU00187;802
01.10.2025;ozon;M01LINK10102;77
01.10.2025;ozon;M01LINK10102-2;224
01.10.2025;ozon;M01LINK10103;21
01.10.2025;ozon;M01LINK10103-2;27
01.10.2025;ozon;M01LINK10104-2;0
01.10.2025;ozon;M01LINK10105;2
01.10.2025;ozon;M01LINK10105-2;0
01.10.2025;ozon;M01LINK10106;10
01.10.2025;ozon;M01LINK10108;31
01.10.2025;ozon;M01LINK10108-2;15
01.10.2025;ozon;M01TEXT10102;1753
01.10.2025;ozon;M01TEXT10102_2;158
01.10.2025;ozon;M01VXSU00130;511
01.10.2025;ozon;M02ALSU00336;292
01.10.2025;ozon;M105ALSU00326;5341
01.10.2025;ozon;M111001;0
01.10.2025;ozon;M111002;0
01.10.2025;ozon;M111003;2
01.10.2025;ozon;M111007;0
01.10.2025;ozon;M111010;1
01.10.2025;ozon;M111011;0
01.10.2025;ozon;M111012;1
01.10.2025;ozon;M111013;0
01.10.2025;ozon;M111015;0
01.10.2025;ozon;M111016;1
01.10.2025;ozon;M111019;74
01.10.2025;ozon;M111020;223
01.10.2025;ozon;M111021;338
01.10.2025;ozon;M111022;0
01.10.2025;ozon;M111023;8
01.10.2025;ozon;M111024;127
01.10.2025;ozon;M111025;14
01.10.2025;ozon;M111026;95
01.10.2025;ozon;M111027;92
01.10.2025;ozon;M111028;30
01.10.2025;ozon;M111029;87
01.10.2025;ozon;M111030;6
01.10.2025;ozon;M111031;6
01.10.2025;ozon;M111032;11
01.10.2025;ozon;M111033;24
01.10.2025;ozon;M111034;1
01.10.2025;ozon;M111035;2
01.10.2025;ozon;M111036;4
01.10.2025;ozon;M111037;3
01.10.2025;ozon;M112001;58
01.10.2025;ozon;M112002;362
01.10.2025;ozon;M112003;73
01.10.2025;ozon;M112004;17
01.10.2025;ozon;M112005;124
01.10.2025;ozon;M112006;15
01.10.2025;ozon;M112007;34
01.10.2025;ozon;M112008;6
01.10.2025;ozon;M112009;4
01.10.2025;ozon;M112010;22
01.10.2025;ozon;M112011;47
01.10.2025;ozon;M112012;0
01.10.2025;ozon;M112013;40
01.10.2025;ozon;M655ALSU00326;961
01.10.2025;ozon;MF10010M;903
01.10.2025;ozon;MF10011M;417
01.10.2025;ozon;MF10012M;395
01.10.2025;ozon;MF10013M;340
01.10.2025;ozon;MF10014M;465
01.10.2025;ozon;MF10015M;258
01.10.2025;ozon;MF10016M;224
01.10.2025;ozon;MF10017M;212
01.10.2025;ozon;MF10018M;160
01.10.2025;ozon;MF1001M;852
01.10.2025;ozon;MF1002M;1906
01.10.2025;ozon;MF1003M;1368
01.10.2025;ozon;MF1004M;445
01.10.2025;ozon;MF1005M;916
01.10.2025;ozon;MF1006M;702
01.10.2025;ozon;MF1007M;376
01.10.2025;ozon;MF1008M;754
01.10.2025;ozon;MF1009M;925
01.10.2025;ozon;MV1011F;1322
01.10.2025;ozon;MV1012F;414
01.10.2025;ozon;MV1013F;82
01.10.2025;ozon;MV1014F;48
01.10.2025;ozon;MV1015F;1
01.10.2025;ozon;MV1016F;510
01.10.2025;ozon;MV1017F;37
01.10.2025;ozon;MV1018F;7
01.10.2025;ozon;MV1019F;45
01.10.2025;ozon;MV1020F;116
01.10.2025;ozon;MV1021F;213
01.10.2025;ozon;MV1022F;55
01.10.2025;ozon;MV1023F;79
01.10.2025;ozon;MV1024F;389
01.10.2025;ozon;MV1025F;0
01.10.2025;ozon;MV1026F;51
01.10.2025;ozon;MV1027F;106
01.10.2025;ozon;MV1110R;12
01.10.2025;ozon;MV1111R;41
01.10.2025;ozon;MV1112R;91
01.10.2025;ozon;MV1113R;49
01.10.2025;ozon;MV1114R;64
01.10.2025;ozon;MV1115R;0
01.10.2025;ozon;MV1116R;373
01.10.2025;ozon;MV1117R;73
01.10.2025;ozon;MV1118R;142
01.10.2025;ozon;PODS-01;293
01.10.2025;ozon;PODS-02;590
01.10.2025;ozon;VS-KPBLV;191
01.10.2025;ozon;VS-UPKP;2100
01.10.2025;ozon;VS-VLS-LV;224
01.10.2025;ozon;W21/5W;1088
01.10.2025;ozon;pku19;567
01.10.2025;ozon;pku19-01;1016
01.10.2025;ozon;М221001;0
01.10.2025;ozon;М221002;247
01.10.2025;ozon;М221003;1240
01.10.2025;ozon;М221004;66
01.10.2025;ozon;М221005;735
01.10.2025;ozon;М221006;0
01.10.2025;ozon;М221007;0
01.10.2025;ozon;М221008;0
01.10.2025;ozon;М221009;198
01.10.2025;ozon;М221010;183
01.10.2025;ozon;М221011;724
01.10.2025;ozon;М221012;374
01.10.2025;ozon;М221013;292
01.10.2025;ozon;М221014;181
01.10.2025;ozon;М221015;0
01.10.2025;ozon;М221016;115
01.10.2025;ozon;М221017;33
01.10.2025;ozon;М221018;205
01.10.2025;ozon;М221021;378
01.10.2025;ozon;М241001C;127
01.10.2025;ozon;М241002C;603
01.10.2025;ozon;М241003;265
01.10.2025;ozon;М241004C;242
01.10.2025;ozon;М241005C;0
01.10.2025;ozon;М241006C;661
01.10.2025;ozon;М241007;210
01.10.2025;ozon;М241008C;51
01.10.2025;ozon;М241009C;192
01.10.2025;ozon;М241010;316
01.10.2025;ozon;М241011C;0
01.10.2025;ozon;М241012C;27
01.10.2025;ozon;М241013;169
01.10.2025;ozon;М241014;42
01.10.2025;ozon;М241015;138
01.10.2025;ozon;М241016;89
01.10.2025;ozon;М241017C;120
01.10.2025;ozon;М241018;163
01.10.2025;ozon;М241019;299
01.10.2025;ozon;М241020C;244
01.10.2025;ozon;М241021C;97
01.10.2025;ozon;М241022C;0
01.10.2025;ozon;М241026C;0
01.10.2025;ozon;М241028C;0
01.10.2025;ozon;М241030;0
01.11.2025;ozon;3FRW5050H;0
01.11.2025;ozon;3FRW6040H;1
01.11.2025;ozon;3FRW6045H;92
01.11.2025;ozon;3FRW6540H;0
01.11.2025;ozon;3FRW6545H;0
01.11.2025;ozon;8450031975-01;697
01.11.2025;ozon;D911001;27
01.11.2025;ozon;D911002;81
01.11.2025;ozon;D911003;108
01.11.2025;ozon;D911004;155
01.11.2025;ozon;D911005;51
01.11.2025;ozon;D911006;145
01.11.2025;ozon;D911007;362
01.11.2025;ozon;D911008;95
01.11.2025;ozon;D911009;721
01.11.2025;ozon;D911010;168
01.11.2025;ozon;D911011;242
01.11.2025;ozon;D911012;79
01.11.2025;ozon;D911013;154
01.11.2025;ozon;D911014;138
01.11.2025;ozon;D911015;115
01.11.2025;ozon;D911016;302
01.11.2025;ozon;D911017;397
01.11.2025;ozon;D911018;301
01.11.2025;ozon;D911019;306
01.11.2025;ozon;D911021;333
01.11.2025;ozon;D921001;375
01.11.2025;ozon;D921002;730
01.11.2025;ozon;D921012;205
01.11.2025;ozon;DFRW5050;10
01.11.2025;ozon;DFRW5540;91
01.11.2025;ozon;DFRW5545;174
01.11.2025;ozon;DFRW5547H;46
01.11.2025;ozon;DFRW6038;76
01.11.2025;ozon;DFRW6040H;529
01.11.2025;ozon;DFRW6040P6;435
01.11.2025;ozon;DFRW6040P9;93
01.11.2025;ozon;DFRW6042;136
01.11.2025;ozon;DFRW6045H;288
01.11.2025;ozon;DFRW6045P;55
01.11.2025;ozon;DFRW6045V;1195
01.11.2025;ozon;DFRW6050;297
01.11.2025;ozon;DFRW6535B;108
01.11.2025;ozon;DFRW6535H;162
01.11.2025;ozon;DFRW6540;83
01.11.2025;ozon;DFRW6542;290
01.11.2025;ozon;DFRW6545;55
01.11.2025;ozon;DFRW6550;115
01.11.2025;ozon;DFRW7035;35
01.11.2025;ozon;FRW5050;2
01.11.2025;ozon;FRW5545;7
01.11.2025;ozon;FRW6040H;0
01.11.2025;ozon;FRW6040P6;0
01.11.2025;ozon;FRW6040P9;74
01.11.2025;ozon;FRW6042;1
01.11.2025;ozon;FRW6045V;1
01.11.2025;ozon;FRW6050;23
01.11.2025;ozon;FRW6535H;106
01.11.2025;ozon;FRW6545;22
01.11.2025;ozon;GBKIT0001;0
01.11.2025;ozon;GBKIT0002;0
01.11.2025;ozon;GBKIT0003;0
01.11.2025;ozon;GBKIT0004;0
01.11.2025;ozon;GBKIT0005;0
01.11.2025;ozon;GBKIT0006;0
01.11.2025;ozon;GBKIT0007;0
01.11.2025;ozon;GFKIT0003;0
01.11.2025;ozon;GFKIT0004;0
01.11.2025;ozon;GFKIT0005;0
01.11.2025;ozon;GFKIT0006;0
01.11.2025;ozon;LS-VODRKA;77
01.11.2025;ozon;LS-VODRL;2
01.11.2025;ozon;LS-VODUNSL;1
01.11.2025;ozon;M01ALSU00167;1931
01.11.2025;ozon;M01ALSU00185;559
01.11.2025;ozon;M01ALSU00187;639
01.11.2025;ozon;M01LINK10102;1
01.11.2025;ozon;M01LINK10102-2;172
01.11.2025;ozon;M01LINK10103;17
01.11.2025;ozon;M01LINK10103-2;20
01.11.2025;ozon;M01LINK10104-2;0
01.11.2025;ozon;M01LINK10105-2;0
01.11.2025;ozon;M01LINK10106;2
01.11.2025;ozon;M01LINK10108;19
01.11.2025;ozon;M01TEXT10102;715
01.11.2025;ozon;M01TEXT10102_2;234
01.11.2025;ozon;M01VXSU00130;1
01.11.2025;ozon;M02ALSU00336;787
01.11.2025;ozon;M105ALSU00326;1931
01.11.2025;ozon;M111001;0
01.11.2025;ozon;M111002;0
01.11.2025;ozon;M111003;0
01.11.2025;ozon;M111007;0
01.11.2025;ozon;M111010;0
01.11.2025;ozon;M111012;1
01.11.2025;ozon;M111015;0
01.11.2025;ozon;M111016;3
01.11.2025;ozon;M111019;88
01.11.2025;ozon;M111020;60
01.11.2025;ozon;M111021;82
01.11.2025;ozon;M111022;195
01.11.2025;ozon;M111023;207
01.11.2025;ozon;M111024;13
01.11.2025;ozon;M111025;17
01.11.2025;ozon;M111026;7
01.11.2025;ozon;M111027;1
01.11.2025;ozon;M111028;136
01.11.2025;ozon;M111029;19
01.11.2025;ozon;M111031;0
01.11.2025;ozon;M111032;3
01.11.2025;ozon;M111033;6
01.11.2025;ozon;M111034;0
01.11.2025;ozon;M111035;0
01.11.2025;ozon;M111036;15
01.11.2025;ozon;M111037;3
01.11.2025;ozon;M112001;1
01.11.2025;ozon;M112002;927
01.11.2025;ozon;M112003;1
01.11.2025;ozon;M112004;77
01.11.2025;ozon;M112005;21
01.11.2025;ozon;M112006;67
01.11.2025;ozon;M112007;0
01.11.2025;ozon;M112008;0
01.11.2025;ozon;M112009;0
01.11.2025;ozon;M112010;7
01.11.2025;ozon;M112011;60
01.11.2025;ozon;M112013;48
01.11.2025;ozon;M655ALSU00326;914
01.11.2025;ozon;MF10010M;1062
01.11.2025;ozon;MF10011M;447
01.11.2025;ozon;MF10012M;392
01.11.2025;ozon;MF10013M;234
01.11.2025;ozon;MF10014M;459
01.11.2025;ozon;MF10015M;303
01.11.2025;ozon;MF10016M;199
01.11.2025;ozon;MF10017M;137
01.11.2025;ozon;MF10018M;231
01.11.2025;ozon;MF1001M;322
01.11.2025;ozon;MF1002M;163
01.11.2025;ozon;MF1003M;555
01.11.2025;ozon;MF1004M;437
01.11.2025;ozon;MF1005M;911
01.11.2025;ozon;MF1006M;501
01.11.2025;ozon;MF1007M;561
01.11.2025;ozon;MF1008M;464
01.11.2025;ozon;MF1009M;181
01.11.2025;ozon;MV1011F;1389
01.11.2025;ozon;MV1012F;782
01.11.2025;ozon;MV1013F;57
01.11.2025;ozon;MV1014F;129
01.11.2025;ozon;MV1015F;2
01.11.2025;ozon;MV1016F;586
01.11.2025;ozon;MV1017F;59
01.11.2025;ozon;MV1018F;42
01.11.2025;ozon;MV1019F;34
01.11.2025;ozon;MV1020F;121
01.11.2025;ozon;MV1021F;100
01.11.2025;ozon;MV1022F;50
01.11.2025;ozon;MV1023F;36
01.11.2025;ozon;MV1024F;70
01.11.2025;ozon;MV1025F;262
01.11.2025;ozon;MV1026F;67
01.11.2025;ozon;MV1027F;228
01.11.2025;ozon;MV1110R;36
01.11.2025;ozon;MV1111R;60
01.11.2025;ozon;MV1112R;2
01.11.2025;ozon;MV1113R;84
01.11.2025;ozon;MV1114R;53
01.11.2025;ozon;MV1115R;85
01.11.2025;ozon;MV1116R;287
01.11.2025;ozon;MV1117R;32
01.11.2025;ozon;MV1118R;125
01.11.2025;ozon;PL9001-4;0
01.11.2025;ozon;PL9008-4;0
01.11.2025;ozon;PL9012-4;0
01.11.2025;ozon;PL9014-4;0
01.11.2025;ozon;PL9016-4;0
01.11.2025;ozon;PODS-01;421
01.11.2025;ozon;PODS-02;811
01.11.2025;ozon;TE5020R+TE5020L;0
01.11.2025;ozon;TE5109L+TE5023R;0
01.11.2025;ozon;VS-KPBLV;37
01.11.2025;ozon;VS-UPKP;1618
01.11.2025;ozon;VS-VLS-LV;27
01.11.2025;ozon;W21/5W;974
01.11.2025;ozon;pku19;3
01.11.2025;ozon;pku19-01;714
01.11.2025;ozon;М221001;570
01.11.2025;ozon;М221002;325
01.11.2025;ozon;М221003;3466
01.11.2025;ozon;М221004;86
01.11.2025;ozon;М221005;602
01.11.2025;ozon;М221006;305
01.11.2025;ozon;М221007;301
01.11.2025;ozon;М221008;422
01.11.2025;ozon;М221009;179
01.11.2025;ozon;М221010;197
01.11.2025;ozon;М221011;419
01.11.2025;ozon;М221012;144
01.11.2025;ozon;М221013;246
01.11.2025;ozon;М221014;411
01.11.2025;ozon;М221015;161
01.11.2025;ozon;М221016;266
01.11.2025;ozon;М221017;218
01.11.2025;ozon;М221018;186
01.11.2025;ozon;М221021;0
01.11.2025;ozon;М221023;180
01.11.2025;ozon;М241001C;0
01.11.2025;ozon;М241002C;319
01.11.2025;ozon;М241003;170
01.11.2025;ozon;М241004C;0
01.11.2025;ozon;М241005C;221
01.11.2025;ozon;М241006C;934
01.11.2025;ozon;М241007;33
01.11.2025;ozon;М241008C;127
01.11.2025;ozon;М241009C;27
01.11.2025;ozon;М241010;788
01.11.2025;ozon;М241011C;286
01.11.2025;ozon;М241012C;286
01.11.2025;ozon;М241013;87
01.11.2025;ozon;М241014;64
01.11.2025;ozon;М241015;278
01.11.2025;ozon;М241017C;0
01.11.2025;ozon;М241018;124
01.11.2025;ozon;М241019;169
01.11.2025;ozon;М241020C;0
01.11.2025;ozon;М241021C;233
01.11.2025;ozon;М241022C;167
01.11.2025;ozon;М241023;67
01.11.2025;ozon;М241024C;179
01.11.2025;ozon;М241025C;170
01.11.2025;ozon;М241026C;103
01.11.2025;ozon;М241027;180
01.11.2025;ozon;М241028C;89
01.11.2025;ozon;М241029;180
01.11.2025;ozon;М241030;132
01.12.2025;ozon;3FRW6045H;4
01.12.2025;ozon;3FRW6545H;0
01.12.2025;ozon;8450031975-01;493
01.12.2025;ozon;D911001;19
01.12.2025;ozon;D911002;173
01.12.2025;ozon;D911003;38
01.12.2025;ozon;D911004;0
01.12.2025;ozon;D911005;705
01.12.2025;ozon;D911006;0
01.12.2025;ozon;D911007;217
01.12.2025;ozon;D911008;187
01.12.2025;ozon;D911009;850
01.12.2025;ozon;D911010;43
01.12.2025;ozon;D911011;0
01.12.2025;ozon;D911012;10
01.12.2025;ozon;D911013;166
01.12.2025;ozon;D911014;110
01.12.2025;ozon;D911015;0
01.12.2025;ozon;D911016;75
01.12.2025;ozon;D911017;316
01.12.2025;ozon;D911018;276
01.12.2025;ozon;D911019;62
01.12.2025;ozon;D911021;0
01.12.2025;ozon;D921001;336
01.12.2025;ozon;D921002;1228
01.12.2025;ozon;D921004;220
01.12.2025;ozon;D921005;123
01.12.2025;ozon;D921006;58
01.12.2025;ozon;D921007;163
01.12.2025;ozon;D921008;108
01.12.2025;ozon;D921009;0
01.12.2025;ozon;D921010;154
01.12.2025;ozon;D921011;190
01.12.2025;ozon;D921012;377
01.12.2025;ozon;DFRW5050;0
01.12.2025;ozon;DFRW5540;187
01.12.2025;ozon;DFRW5545;0
01.12.2025;ozon;DFRW5547H;91
01.12.2025;ozon;DFRW6038;99
01.12.2025;ozon;DFRW6040H;1
01.12.2025;ozon;DFRW6040P6;20
01.12.2025;ozon;DFRW6040P9;100
01.12.2025;ozon;DFRW6042;69
01.12.2025;ozon;DFRW6045H;121
01.12.2025;ozon;DFRW6045P;0
01.12.2025;ozon;DFRW6045V;804
01.12.2025;ozon;DFRW6050;0
01.12.2025;ozon;DFRW6535B;17
01.12.2025;ozon;DFRW6535H;123
01.12.2025;ozon;DFRW6540;120
01.12.2025;ozon;DFRW6542;158
01.12.2025;ozon;DFRW6545;72
01.12.2025;ozon;DFRW6550;29
01.12.2025;ozon;DFRW7035;21
01.12.2025;ozon;FRW6040H;0
01.12.2025;ozon;FRW6040P6;0
01.12.2025;ozon;FRW6040P9;168
01.12.2025;ozon;FRW6045V;0
01.12.2025;ozon;FRW6050;5
01.12.2025;ozon;FRW6535H;111
01.12.2025;ozon;FRW6545;19
01.12.2025;ozon;GBKIT0001;2
01.12.2025;ozon;GBKIT0003;0
01.12.2025;ozon;GBKIT0004;0
01.12.2025;ozon;GBKIT0006;4
01.12.2025;ozon;GBKIT0007;4
01.12.2025;ozon;GFKIT0003;0
01.12.2025;ozon;LS-VODRKA;0
01.12.2025;ozon;LS-VODRL;169
01.12.2025;ozon;LS-VODUNSL;68
01.12.2025;ozon;M01ALSU00167;0
01.12.2025;ozon;M01ALSU00185;505
01.12.2025;ozon;M01ALSU00187;329
01.12.2025;ozon;M01LINK10102;2
01.12.2025;ozon;M01LINK10102-2;223
01.12.2025;ozon;M01LINK10103;14
01.12.2025;ozon;M01LINK10103-2;21
01.12.2025;ozon;M01LINK10106;2
01.12.2025;ozon;M01LINK10108;12
01.12.2025;ozon;M01TEXT10102;2470
01.12.2025;ozon;M01TEXT10102_2;37
01.12.2025;ozon;M01VXSU00130;689
01.12.2025;ozon;M02ALSU00336;139
01.12.2025;ozon;M105ALSU00326;6487
01.12.2025;ozon;M111002;0
01.12.2025;ozon;M111003;1
01.12.2025;ozon;M111007;0
01.12.2025;ozon;M111010;0
01.12.2025;ozon;M111015;0
01.12.2025;ozon;M111016;3
01.12.2025;ozon;M111019;80
01.12.2025;ozon;M111020;15
01.12.2025;ozon;M111021;47
01.12.2025;ozon;M111022;228
01.12.2025;ozon;M111023;318
01.12.2025;ozon;M111024;1
01.12.2025;ozon;M111025;89
01.12.2025;ozon;M111026;47
01.12.2025;ozon;M111028;77
01.12.2025;ozon;M111029;7
01.12.2025;ozon;M111030;0
01.12.2025;ozon;M111031;0
01.12.2025;ozon;M111032;1
01.12.2025;ozon;M111033;7
01.12.2025;ozon;M111034;1
01.12.2025;ozon;M111036;12
01.12.2025;ozon;M111037;1
01.12.2025;ozon;M112001;0
01.12.2025;ozon;M112002;783
01.12.2025;ozon;M112003;1
01.12.2025;ozon;M112004;0
01.12.2025;ozon;M112006;3
01.12.2025;ozon;M112007;0
01.12.2025;ozon;M112008;0
01.12.2025;ozon;M112010;0
01.12.2025;ozon;M112011;43
01.12.2025;ozon;M112013;67
01.12.2025;ozon;M655ALSU00326;805
01.12.2025;ozon;MF10010M;841
01.12.2025;ozon;MF10011M;473
01.12.2025;ozon;MF10012M;538
01.12.2025;ozon;MF10013M;468
01.12.2025;ozon;MF10014M;511
01.12.2025;ozon;MF10015M;357
01.12.2025;ozon;MF10016M;375
01.12.2025;ozon;MF10017M;0
01.12.2025;ozon;MF10018M;268
01.12.2025;ozon;MF1001M;0
01.12.2025;ozon;MF1002M;6
01.12.2025;ozon;MF1003M;2123
01.12.2025;ozon;MF1004M;484
01.12.2025;ozon;MF1005M;1131
01.12.2025;ozon;MF1006M;473
01.12.2025;ozon;MF1007M;516
01.12.2025;ozon;MF1008M;414
01.12.2025;ozon;MF1009M;1
01.12.2025;ozon;MV1011F;1529
01.12.2025;ozon;MV1012F;848
01.12.2025;ozon;MV1013F;27
01.12.2025;ozon;MV1014F;146
01.12.2025;ozon;MV1015F;33
01.12.2025;ozon;MV1016F;196
01.12.2025;ozon;MV1017F;164
01.12.2025;ozon;MV1018F;26
01.12.2025;ozon;MV1019F;202
01.12.2025;ozon;MV1020F;115
01.12.2025;ozon;MV1021F;345
01.12.2025;ozon;MV1022F;83
01.12.2025;ozon;MV1023F;337
01.12.2025;ozon;MV1024F;314
01.12.2025;ozon;MV1025F;534
01.12.2025;ozon;MV1026F;81
01.12.2025;ozon;MV1027F;260
01.12.2025;ozon;MV1110R;407
01.12.2025;ozon;MV1111R;116
01.12.2025;ozon;MV1112R;225
01.12.2025;ozon;MV1113R;88
01.12.2025;ozon;MV1114R;36
01.12.2025;ozon;MV1115R;0
01.12.2025;ozon;MV1116R;288
01.12.2025;ozon;MV1117R;113
01.12.2025;ozon;MV1118R;142
01.12.2025;ozon;PL9001-4;32
01.12.2025;ozon;PL9008-4;176
01.12.2025;ozon;PL9012-4;75
01.12.2025;ozon;PL9014-4;323
01.12.2025;ozon;PL9016-4;225
01.12.2025;ozon;PODS-01;594
01.12.2025;ozon;PODS-02;1063
01.12.2025;ozon;R1011F;97
01.12.2025;ozon;R1012F;96
01.12.2025;ozon;R1016F;97
01.12.2025;ozon;R1025F;92
01.12.2025;ozon;R1028F;96
01.12.2025;ozon;R1029F;96
01.12.2025;ozon;R1115R;57
01.12.2025;ozon;R1116R;98
01.12.2025;ozon;R1130R;100
01.12.2025;ozon;R1131R;97
01.12.2025;ozon;R1132R;117
01.12.2025;ozon;TE5020R+TE5020L;61
01.12.2025;ozon;TE5109L+TE5023R;40
01.12.2025;ozon;VS-KPBLV;297
01.12.2025;ozon;VS-UPKP;2894
01.12.2025;ozon;VS-VLS-LV;388
01.12.2025;ozon;W21/5W;851
01.12.2025;ozon;pku19;882
01.12.2025;ozon;pku19-01;1253
01.12.2025;ozon;М221001;263
01.12.2025;ozon;М221002;321
01.12.2025;ozon;М221003;2702
01.12.2025;ozon;М221004;125
01.12.2025;ozon;М221005;58
01.12.2025;ozon;М221006;356
01.12.2025;ozon;М221007;191
01.12.2025;ozon;М221008;232
01.12.2025;ozon;М221009;383
01.12.2025;ozon;М221010;107
01.12.2025;ozon;М221011;194
01.12.2025;ozon;М221012;144
01.12.2025;ozon;М221013;28
01.12.2025;ozon;М221014;339
01.12.2025;ozon;М221015;131
01.12.2025;ozon;М221016;207
01.12.2025;ozon;М221017;159
01.12.2025;ozon;М221018;145
01.12.2025;ozon;М221021;87
01.12.2025;ozon;М221023;118
01.12.2025;ozon;М221024;282
01.12.2025;ozon;М221025;167
01.12.2025;ozon;М241001C;110
01.12.2025;ozon;М241002C;122
01.12.2025;ozon;М241003;78
01.12.2025;ozon;М241004C;93
01.12.2025;ozon;М241005C;310
01.12.2025;ozon;М241006C;900
01.12.2025;ozon;М241008C;178
01.12.2025;ozon;М241009C;116
01.12.2025;ozon;М241010;764
01.12.2025;ozon;М241011C;492
01.12.2025;ozon;М241012C;365
01.12.2025;ozon;М241013;44
01.12.2025;ozon;М241014;1
01.12.2025;ozon;М241015;190
01.12.2025;ozon;М241017C;0
01.12.2025;ozon;М241018;114
01.12.2025;ozon;М241019;54
01.12.2025;ozon;М241021C;168
01.12.2025;ozon;М241022C;51
01.12.2025;ozon;М241023;22
01.12.2025;ozon;М241024C;83
01.12.2025;ozon;М241025C;21
01.12.2025;ozon;М241026C;195
01.12.2025;ozon;М241027;70
01.12.2025;ozon;М241028C;76
01.12.2025;ozon;М241029;98
01.12.2025;ozon;М241030;121
01.12.2025;ozon;М241031;162
01.12.2025;ozon;М241032;161
01.09.2025;wildberries;3FRW5050H;47
01.09.2025;wildberries;3FRW6045H;154
01.09.2025;wildberries;3FRW6540H;64
01.09.2025;wildberries;3FRW6545H;45
01.09.2025;wildberries;D911001;19
01.09.2025;wildberries;D911002;121
01.09.2025;wildberries;D911003;60
01.09.2025;wildberries;D911004;238
01.09.2025;wildberries;D911005;117
01.09.2025;wildberries;D911006;170
01.09.2025;wildberries;D911007;119
01.09.2025;wildberries;D911008;105
01.09.2025;wildberries;D911009;359
01.09.2025;wildberries;D911010;62
01.09.2025;wildberries;D911011;124
01.09.2025;wildberries;D911012;22
01.09.2025;wildberries;D911013;166
01.09.2025;wildberries;D911014;170
01.09.2025;wildberries;D911015;151
01.09.2025;wildberries;D911016;73
01.09.2025;wildberries;D911017;100
01.09.2025;wildberries;D911018;95
01.09.2025;wildberries;D911019;89
01.09.2025;wildberries;D911020;121
01.09.2025;wildberries;D911021;179
01.09.2025;wildberries;D921001;144
01.09.2025;wildberries;D921002;319
01.09.2025;wildberries;DFRW5050;220
01.09.2025;wildberries;DFRW5545;30
01.09.2025;wildberries;DFRW5547B;7
01.09.2025;wildberries;DFRW5547H;56
01.09.2025;wildberries;DFRW6038;84
01.09.2025;wildberries;DFRW6040H;141
01.09.2025;wildberries;DFRW6040P6;101
01.09.2025;wildberries;DFRW6040P9;50
01.09.2025;wildberries;DFRW6042;51
01.09.2025;wildberries;DFRW6045H;142
01.09.2025;wildberries;DFRW6045P;43
01.09.2025;wildberries;DFRW6045V;199
01.09.2025;wildberries;DFRW6050;117
01.09.2025;wildberries;DFRW6535H;106
01.09.2025;wildberries;DFRW6540;63
01.09.2025;wildberries;DFRW6542;32
01.09.2025;wildberries;DFRW6545;49
01.09.2025;wildberries;DFRW6550;99
01.09.2025;wildberries;DFRW7035;109
01.09.2025;wildberries;FRW5050;63
01.09.2025;wildberries;FRW5545;44
01.09.2025;wildberries;FRW6038;4
01.09.2025;wildberries;FRW6040H;0
01.09.2025;wildberries;FRW6040P6;31
01.09.2025;wildberries;FRW6040P9;49
01.09.2025;wildberries;FRW6042;18
01.09.2025;wildberries;FRW6045H;57
01.09.2025;wildberries;FRW6045P;44
01.09.2025;wildberries;FRW6045V;268
01.09.2025;wildberries;FRW6050;14
01.09.2025;wildberries;FRW6535B;91
01.09.2025;wildberries;FRW6535H;21
01.09.2025;wildberries;FRW6540;40
01.09.2025;wildberries;FRW6545;22
01.09.2025;wildberries;FRW6550;49
01.09.2025;wildberries;GBKIT0001;0
01.09.2025;wildberries;GBKIT0002;0
01.09.2025;wildberries;GBKIT0003;0
01.09.2025;wildberries;GBKIT0005;0
01.09.2025;wildberries;GFKIT0006;0
01.09.2025;wildberries;LS-VODRKA;1
01.09.2025;wildberries;LS-VODRL;274
01.09.2025;wildberries;M01ALSU00167;646
01.09.2025;wildberries;M01ALSU00185;154
01.09.2025;wildberries;M01ALSU00187;387
01.09.2025;wildberries;M01LINK10102;31
01.09.2025;wildberries;M01LINK10102-2;56
01.09.2025;wildberries;M01LINK10103;27
01.09.2025;wildberries;M01LINK10103-2;34
01.09.2025;wildberries;M01LINK10105;6
01.09.2025;wildberries;M01LINK10105-2;14
01.09.2025;wildberries;M01LINK10106;40
01.09.2025;wildberries;M01LINK10106-2;11
01.09.2025;wildberries;M01LINK10108;30
01.09.2025;wildberries;M01LINK10108-2;17
01.09.2025;wildberries;M01LINK10109;3
01.09.2025;wildberries;M01TEXT10102;1119
01.09.2025;wildberries;M01TEXT10102_2;263
01.09.2025;wildberries;M01VXSU00130;352
01.09.2025;wildberries;M02ALSU00336;0
01.09.2025;wildberries;M105ALSU00326;657
01.09.2025;wildberries;M111001;319
01.09.2025;wildberries;M111003;113
01.09.2025;wildberries;M111007;21
01.09.2025;wildberries;M111008;17
01.09.2025;wildberries;M111009;4
01.09.2025;wildberries;M111015;1
01.09.2025;wildberries;M111016;1
01.09.2025;wildberries;M111018;0
01.09.2025;wildberries;M111019;37
01.09.2025;wildberries;M111020;151
01.09.2025;wildberries;M111021;327
01.09.2025;wildberries;M111022;34
01.09.2025;wildberries;M111023;91
01.09.2025;wildberries;M111024;2
01.09.2025;wildberries;M111025;36
01.09.2025;wildberries;M111026;84
01.09.2025;wildberries;M111027;17
01.09.2025;wildberries;M111028;89
01.09.2025;wildberries;M111029;87
01.09.2025;wildberries;M111030;2
01.09.2025;wildberries;M111031;28
01.09.2025;wildberries;M111032;0
01.09.2025;wildberries;M111034;1
01.09.2025;wildberries;M112002;0
01.09.2025;wildberries;M112003;22
01.09.2025;wildberries;M112005;0
01.09.2025;wildberries;M112008;0
01.09.2025;wildberries;M112009;0
01.09.2025;wildberries;M112010;10
01.09.2025;wildberries;M112011;8
01.09.2025;wildberries;M112012;0
01.09.2025;wildberries;M112013;0
01.09.2025;wildberries;M655ALSU00326;459
01.09.2025;wildberries;MF10010M;141
01.09.2025;wildberries;MF10011M;156
01.09.2025;wildberries;MF10012M;142
01.09.2025;wildberries;MF10014M;148
01.09.2025;wildberries;MF10015M;63
01.09.2025;wildberries;MF10016M;139
01.09.2025;wildberries;MF10017M;135
01.09.2025;wildberries;MF10018M;168
01.09.2025;wildberries;MF1001M;138
01.09.2025;wildberries;MF1002M;0
01.09.2025;wildberries;MF1003M;222
01.09.2025;wildberries;MF1004M;208
01.09.2025;wildberries;MF1005M;260
01.09.2025;wildberries;MF1006M;156
01.09.2025;wildberries;MF1007M;86
01.09.2025;wildberries;MF1008M;267
01.09.2025;wildberries;MF1009M;330
01.09.2025;wildberries;MV1011F;794
01.09.2025;wildberries;MV1012F;120
01.09.2025;wildberries;MV1013F;4
01.09.2025;wildberries;MV1014F;86
01.09.2025;wildberries;MV1016F;41
01.09.2025;wildberries;MV1017F;100
01.09.2025;wildberries;MV1018F;41
01.09.2025;wildberries;MV1019F;50
01.09.2025;wildberries;MV1020F;23
01.09.2025;wildberries;MV1021F;62
01.09.2025;wildberries;MV1022F;90
01.09.2025;wildberries;MV1023F;68
01.09.2025;wildberries;MV1024F;24
01.09.2025;wildberries;MV1025F;162
01.09.2025;wildberries;MV1026F;19
01.09.2025;wildberries;MV1027F;142
01.09.2025;wildberries;MV1110R;17
01.09.2025;wildberries;MV1111R;42
01.09.2025;wildberries;MV1112R;95
01.09.2025;wildberries;MV1113R;25
01.09.2025;wildberries;MV1114R;19
01.09.2025;wildberries;MV1116R;142
01.09.2025;wildberries;MV1117R;124
01.09.2025;wildberries;MV1118R;66
01.09.2025;wildberries;PODS-01;330
01.09.2025;wildberries;PODS-02;508
01.09.2025;wildberries;VS-KPBLV;252
01.09.2025;wildberries;VS-UPKP;898
01.09.2025;wildberries;VS-VLS-LV;385
01.09.2025;wildberries;pku19;942
01.09.2025;wildberries;pku19-01;289
01.09.2025;wildberries;w21/5w;487
01.09.2025;wildberries;М221002;1
01.09.2025;wildberries;М221003;95
01.09.2025;wildberries;М221004;20
01.09.2025;wildberries;М221005;568
01.09.2025;wildberries;М221006;40
01.09.2025;wildberries;М221007;186
01.09.2025;wildberries;М221008;1
01.09.2025;wildberries;М221009;15
01.09.2025;wildberries;М221010;295
01.09.2025;wildberries;М221011;455
01.09.2025;wildberries;М221013;167
01.09.2025;wildberries;М221014;3
01.09.2025;wildberries;М221017;7
01.09.2025;wildberries;М221018;12
01.09.2025;wildberries;М241001C;126
01.09.2025;wildberries;М241002C;374
01.09.2025;wildberries;М241003;168
01.09.2025;wildberries;М241004C;120
01.09.2025;wildberries;М241005C;59
01.09.2025;wildberries;М241006C;15
01.09.2025;wildberries;М241007;232
01.09.2025;wildberries;М241008C;307
01.09.2025;wildberries;М241009C;302
01.09.2025;wildberries;М241010;44
01.09.2025;wildberries;М241011C;20
01.09.2025;wildberries;М241012C;10
01.09.2025;wildberries;М241013;31
01.09.2025;wildberries;М241014;6
01.09.2025;wildberries;М241015;0
01.09.2025;wildberries;М241016;47
01.09.2025;wildberries;М241017C;48
01.09.2025;wildberries;М241018;27
01.09.2025;wildberries;М241019;131
01.09.2025;wildberries;М241020C;18
01.09.2025;wildberries;М241021C;46
01.09.2025;wildberries;М241022C;53
01.10.2025;wildberries;3FRW5050H;0
01.10.2025;wildberries;3FRW6040H;70
01.10.2025;wildberries;3FRW6045H;124
01.10.2025;wildberries;3FRW6540H;0
01.10.2025;wildberries;3FRW6545H;26
01.10.2025;wildberries;8450031975-01;30
01.10.2025;wildberries;D911001;19
01.10.2025;wildberries;D911002;100
01.10.2025;wildberries;D911003;60
01.10.2025;wildberries;D911004;292
01.10.2025;wildberries;D911005;98
01.10.2025;wildberries;D911006;183
01.10.2025;wildberries;D911007;126
01.10.2025;wildberries;D911008;83
01.10.2025;wildberries;D911009;334
01.10.2025;wildberries;D911010;53
01.10.2025;wildberries;D911011;89
01.10.2025;wildberries;D911012;60
01.10.2025;wildberries;D911013;143
01.10.2025;wildberries;D911014;162
01.10.2025;wildberries;D911015;233
01.10.2025;wildberries;D911016;209
01.10.2025;wildberries;D911017;87
01.10.2025;wildberries;D911018;88
01.10.2025;wildberries;D911019;71
01.10.2025;wildberries;D911020;60
01.10.2025;wildberries;D911021;190
01.10.2025;wildberries;D921001;137
01.10.2025;wildberries;D921002;122
01.10.2025;wildberries;DFRW5050;162
01.10.2025;wildberries;DFRW5545;52
01.10.2025;wildberries;DFRW5547B;0
01.10.2025;wildberries;DFRW5547H;140
01.10.2025;wildberries;DFRW6038;0
01.10.2025;wildberries;DFRW6040H;125
01.10.2025;wildberries;DFRW6040P6;102
01.10.2025;wildberries;DFRW6040P9;32
01.10.2025;wildberries;DFRW6042;90
01.10.2025;wildberries;DFRW6045H;129
01.10.2025;wildberries;DFRW6045P;73
01.10.2025;wildberries;DFRW6045V;203
01.10.2025;wildberries;DFRW6050;108
01.10.2025;wildberries;DFRW6535H;115
01.10.2025;wildberries;DFRW6540;44
01.10.2025;wildberries;DFRW6542;0
01.10.2025;wildberries;DFRW6545;144
01.10.2025;wildberries;DFRW6550;91
01.10.2025;wildberries;DFRW7035;105
01.10.2025;wildberries;FRW5050;22
01.10.2025;wildberries;FRW5545;63
01.10.2025;wildberries;FRW6038;0
01.10.2025;wildberries;FRW6040H;96
01.10.2025;wildberries;FRW6040P6;0
01.10.2025;wildberries;FRW6040P9;41
01.10.2025;wildberries;FRW6042;2
01.10.2025;wildberries;FRW6045H;37
01.10.2025;wildberries;FRW6045P;39
01.10.2025;wildberries;FRW6045V;555
01.10.2025;wildberries;FRW6050;38
01.10.2025;wildberries;FRW6535B;14
01.10.2025;wildberries;FRW6535H;17
01.10.2025;wildberries;FRW6540;0
01.10.2025;wildberries;FRW6545;12
01.10.2025;wildberries;FRW6550;45
01.10.2025;wildberries;GBKIT0001;0
01.10.2025;wildberries;GBKIT0002;0
01.10.2025;wildberries;GBKIT0003;0
01.10.2025;wildberries;GBKIT0004;0
01.10.2025;wildberries;GBKIT0005;0
01.10.2025;wildberries;GFKIT0002;0
01.10.2025;wildberries;GFKIT0003;1
01.10.2025;wildberries;GFKIT0004;0
01.10.2025;wildberries;GFKIT0005;0
01.10.2025;wildberries;GFKIT0006;0
01.10.2025;wildberries;LS-VODRKA;0
01.10.2025;wildberries;LS-VODRL;74
01.10.2025;wildberries;M01ALSU00167;211
01.10.2025;wildberries;M01ALSU00185;352
01.10.2025;wildberries;M01ALSU00187;242
01.10.2025;wildberries;M01LINK10101-2;0
01.10.2025;wildberries;M01LINK10102;23
01.10.2025;wildberries;M01LINK10102-2;69
01.10.2025;wildberries;M01LINK10103;13
01.10.2025;wildberries;M01LINK10103-2;34
01.10.2025;wildberries;M01LINK10104-2;0
01.10.2025;wildberries;M01LINK10105;3
01.10.2025;wildberries;M01LINK10105-2;7
01.10.2025;wildberries;M01LINK10106;37
01.10.2025;wildberries;M01LINK10106-2;0
01.10.2025;wildberries;M01LINK10108;29
01.10.2025;wildberries;M01LINK10108-2;12
01.10.2025;wildberries;M01LINK10109;2
01.10.2025;wildberries;M01TEXT10102;1072
01.10.2025;wildberries;M01TEXT10102_2;74
01.10.2025;wildberries;M01VXSU00130;257
01.10.2025;wildberries;M02ALSU00336;253
01.10.2025;wildberries;M105ALSU00326;611
01.10.2025;wildberries;M111001;164
01.10.2025;wildberries;M111002;0
01.10.2025;wildberries;M111003;37
01.10.2025;wildberries;M111007;2
01.10.2025;wildberries;M111008;13
01.10.2025;wildberries;M111009;2
01.10.2025;wildberries;M111011;1
01.10.2025;wildberries;M111013;0
01.10.2025;wildberries;M111015;0
01.10.2025;wildberries;M111016;0
01.10.2025;wildberries;M111018;1
01.10.2025;wildberries;M111019;32
01.10.2025;wildberries;M111020;137
01.10.2025;wildberries;M111021;321
01.10.2025;wildberries;M111022;16
01.10.2025;wildberries;M111023;56
01.10.2025;wildberries;M111024;9
01.10.2025;wildberries;M111025;31
01.10.2025;wildberries;M111026;78
01.10.2025;wildberries;M111027;2
01.10.2025;wildberries;M111028;104
01.10.2025;wildberries;M111029;69
01.10.2025;wildberries;M111030;1
01.10.2025;wildberries;M111031;30
01.10.2025;wildberries;M111032;31
01.10.2025;wildberries;M111033;13
01.10.2025;wildberries;M111034;7
01.10.2025;wildberries;M111035;37
01.10.2025;wildberries;M111036;30
01.10.2025;wildberries;M111037;3
01.10.2025;wildberries;M112001;0
01.10.2025;wildberries;M112002;82
01.10.2025;wildberries;M112003;5
01.10.2025;wildberries;M112004;12
01.10.2025;wildberries;M112005;0
01.10.2025;wildberries;M112006;7
01.10.2025;wildberries;M112007;25
01.10.2025;wildberries;M112008;11
01.10.2025;wildberries;M112009;12
01.10.2025;wildberries;M112010;27
01.10.2025;wildberries;M112011;20
01.10.2025;wildberries;M112012;8
01.10.2025;wildberries;M112013;27
01.10.2025;wildberries;M655ALSU00326;409
01.10.2025;wildberries;MF10010M;150
01.10.2025;wildberries;MF10011M;159
01.10.2025;wildberries;MF10012M;136
01.10.2025;wildberries;MF10014M;78
01.10.2025;wildberries;MF10015M;108
01.10.2025;wildberries;MF10016M;154
01.10.2025;wildberries;MF10017M;93
01.10.2025;wildberries;MF10018M;155
01.10.2025;wildberries;MF1001M;124
01.10.2025;wildberries;MF1002M;0
01.10.2025;wildberries;MF1003M;177
01.10.2025;wildberries;MF1004M;165
01.10.2025;wildberries;MF1005M;100
01.10.2025;wildberries;MF1006M;141
01.10.2025;wildberries;MF1007M;88
01.10.2025;wildberries;MF1008M;264
01.10.2025;wildberries;MF1009M;416
01.10.2025;wildberries;MV1011F;490
01.10.2025;wildberries;MV1012F;296
01.10.2025;wildberries;MV1013F;34
01.10.2025;wildberries;MV1014F;73
01.10.2025;wildberries;MV1015F;0
01.10.2025;wildberries;MV1016F;125
01.10.2025;wildberries;MV1017F;123
01.10.2025;wildberries;MV1018F;43
01.10.2025;wildberries;MV1019F;44
01.10.2025;wildberries;MV1020F;39
01.10.2025;wildberries;MV1021F;82
01.10.2025;wildberries;MV1022F;62
01.10.2025;wildberries;MV1023F;50
01.10.2025;wildberries;MV1024F;27
01.10.2025;wildberries;MV1025F;8
01.10.2025;wildberries;MV1026F;23
01.10.2025;wildberries;MV1027F;181
01.10.2025;wildberries;MV1110R;24
01.10.2025;wildberries;MV1111R;42
01.10.2025;wildberries;MV1112R;69
01.10.2025;wildberries;MV1113R;16
01.10.2025;wildberries;MV1114R;22
01.10.2025;wildberries;MV1115R;0
01.10.2025;wildberries;MV1116R;141
01.10.2025;wildberries;MV1117R;111
01.10.2025;wildberries;MV1118R;223
01.10.2025;wildberries;PODS-01;233
01.10.2025;wildberries;PODS-02;462
01.10.2025;wildberries;VS-KPBLV;220
01.10.2025;wildberries;VS-UPKP;675
01.10.2025;wildberries;VS-VLS-LV;0
01.10.2025;wildberries;pku19;788
01.10.2025;wildberries;pku19-01;199
01.10.2025;wildberries;w21/5w;712
01.10.2025;wildberries;М221001;143
01.10.2025;wildberries;М221002;498
01.10.2025;wildberries;М221003;907
01.10.2025;wildberries;М221004;28
01.10.2025;wildberries;М221005;507
01.10.2025;wildberries;М221006;85
01.10.2025;wildberries;М221007;201
01.10.2025;wildberries;М221008;129
01.10.2025;wildberries;М221009;487
01.10.2025;wildberries;М221010;308
01.10.2025;wildberries;М221011;386
01.10.2025;wildberries;М221012;239
01.10.2025;wildberries;М221013;169
01.10.2025;wildberries;М221014;85
01.10.2025;wildberries;М221015;51
01.10.2025;wildberries;М221016;56
01.10.2025;wildberries;М221017;69
01.10.2025;wildberries;М221018;2
01.10.2025;wildberries;М221021;158
01.10.2025;wildberries;М241001C;79
01.10.2025;wildberries;М241002C;275
01.10.2025;wildberries;М241003;136
01.10.2025;wildberries;М241004C;100
01.10.2025;wildberries;М241005C;147
01.10.2025;wildberries;М241006C;160
01.10.2025;wildberries;М241007;165
01.10.2025;wildberries;М241008C;216
01.10.2025;wildberries;М241009C;212
01.10.2025;wildberries;М241010;325
01.10.2025;wildberries;М241011C;278
01.10.2025;wildberries;М241012C;89
01.10.2025;wildberries;М241013;15
01.10.2025;wildberries;М241014;13
01.10.2025;wildberries;М241015;69
01.10.2025;wildberries;М241016;0
01.10.2025;wildberries;М241017C;22
01.10.2025;wildberries;М241018;28
01.10.2025;wildberries;М241019;0
01.10.2025;wildberries;М241020C;17
01.10.2025;wildberries;М241021C;112
01.10.2025;wildberries;М241022C;98
01.10.2025;wildberries;М241026C;168
01.10.2025;wildberries;М241028C;168
01.10.2025;wildberries;М241030;184
01.11.2025;wildberries;3FRW6045H;9
01.11.2025;wildberries;3FRW6540H;0
01.11.2025;wildberries;8450031975-01;477
01.11.2025;wildberries;D911001;18
01.11.2025;wildberries;D911002;110
01.11.2025;wildberries;D911003;46
01.11.2025;wildberries;D911004;0
01.11.2025;wildberries;D911005;143
01.11.2025;wildberries;D911006;225
01.11.2025;wildberries;D911007;146
01.11.2025;wildberries;D911008;42
01.11.2025;wildberries;D911009;585
01.11.2025;wildberries;D911010;65
01.11.2025;wildberries;D911011;188
01.11.2025;wildberries;D911012;87
01.11.2025;wildberries;D911013;178
01.11.2025;wildberries;D911014;145
01.11.2025;wildberries;D911015;285
01.11.2025;wildberries;D911016;264
01.11.2025;wildberries;D911017;58
01.11.2025;wildberries;D911018;178
01.11.2025;wildberries;D911019;83
01.11.2025;wildberries;D911021;155
01.11.2025;wildberries;D921001;142
01.11.2025;wildberries;D921002;183
01.11.2025;wildberries;D921012;19
01.11.2025;wildberries;DFRW5050;116
01.11.2025;wildberries;DFRW5540;31
01.11.2025;wildberries;DFRW5545;110
01.11.2025;wildberries;DFRW5547H;139
01.11.2025;wildberries;DFRW6038;55
01.11.2025;wildberries;DFRW6040H;256
01.11.2025;wildberries;DFRW6040P6;161
01.11.2025;wildberries;DFRW6040P9;98
01.11.2025;wildberries;DFRW6042;70
01.11.2025;wildberries;DFRW6045H;184
01.11.2025;wildberries;DFRW6045P;53
01.11.2025;wildberries;DFRW6045V;348
01.11.2025;wildberries;DFRW6050;63
01.11.2025;wildberries;DFRW6535B;29
01.11.2025;wildberries;DFRW6535H;127
01.11.2025;wildberries;DFRW6540;160
01.11.2025;wildberries;DFRW6542;86
01.11.2025;wildberries;DFRW6545;129
01.11.2025;wildberries;DFRW6550;81
01.11.2025;wildberries;DFRW7035;101
01.11.2025;wildberries;FRW5545;73
01.11.2025;wildberries;FRW6040P9;58
01.11.2025;wildberries;FRW6045H;6
01.11.2025;wildberries;FRW6045P;30
01.11.2025;wildberries;FRW6045V;78
01.11.2025;wildberries;FRW6050;43
01.11.2025;wildberries;FRW6535H;91
01.11.2025;wildberries;FRW6545;52
01.11.2025;wildberries;FRW6550;40
01.11.2025;wildberries;GBKIT0001;0
01.11.2025;wildberries;GBKIT0002;1
01.11.2025;wildberries;GBKIT0003;0
01.11.2025;wildberries;GBKIT0004;1
01.11.2025;wildberries;GBKIT0005;0
01.11.2025;wildberries;GBKIT0006;5
01.11.2025;wildberries;GBKIT0007;4
01.11.2025;wildberries;GFKIT0001;6
01.11.2025;wildberries;GFKIT0003;14
01.11.2025;wildberries;GFKIT0004;6
01.11.2025;wildberries;GFKIT0005;2
01.11.2025;wildberries;GFKIT0006;2
01.11.2025;wildberries;LS-VODRL;0
01.11.2025;wildberries;M01ALSU00167;152
01.11.2025;wildberries;M01ALSU00185;321
01.11.2025;wildberries;M01LINK10102;12
01.11.2025;wildberries;M01LINK10102-2;57
01.11.2025;wildberries;M01LINK10103;4
01.11.2025;wildberries;M01LINK10103-2;42
01.11.2025;wildberries;M01LINK10106;35
01.11.2025;wildberries;M01LINK10108;30
01.11.2025;wildberries;M01LINK10109;2
01.11.2025;wildberries;M01TEXT10102;324
01.11.2025;wildberries;M01TEXT10102_2;102
01.11.2025;wildberries;M01VXSU00130;12
01.11.2025;wildberries;M02ALSU00336;893
01.11.2025;wildberries;M105ALSU00326;331
01.11.2025;wildberries;M111001;1
01.11.2025;wildberries;M111003;0
01.11.2025;wildberries;M111018;1
01.11.2025;wildberries;M111019;28
01.11.2025;wildberries;M111020;103
01.11.2025;wildberries;M111021;293
01.11.2025;wildberries;M111022;95
01.11.2025;wildberries;M111023;140
01.11.2025;wildberries;M111024;2
01.11.2025;wildberries;M111025;55
01.11.2025;wildberries;M111026;46
01.11.2025;wildberries;M111028;25
01.11.2025;wildberries;M111029;78
01.11.2025;wildberries;M111030;2
01.11.2025;wildberries;M111031;5
01.11.2025;wildberries;M111032;61
01.11.2025;wildberries;M111033;24
01.11.2025;wildberries;M111034;20
01.11.2025;wildberries;M111035;73
01.11.2025;wildberries;M111036;87
01.11.2025;wildberries;M111037;31
01.11.2025;wildberries;M112002;178
01.11.2025;wildberries;M112004;14
01.11.2025;wildberries;M112006;71
01.11.2025;wildberries;M112007;12
01.11.2025;wildberries;M112008;0
01.11.2025;wildberries;M112009;0
01.11.2025;wildberries;M112010;22
01.11.2025;wildberries;M112011;28
01.11.2025;wildberries;M112013;31
01.11.2025;wildberries;M655ALSU00326;336
01.11.2025;wildberries;MF10010M;212
01.11.2025;wildberries;MF10011M;266
01.11.2025;wildberries;MF10012M;150
01.11.2025;wildberries;MF10013M;32
01.11.2025;wildberries;MF10014M;143
01.11.2025;wildberries;MF10015M;142
01.11.2025;wildberries;MF10016M;140
01.11.2025;wildberries;MF10017M;155
01.11.2025;wildberries;MF10018M;134
01.11.2025;wildberries;MF1001M;365
01.11.2025;wildberries;MF1002M;0
01.11.2025;wildberries;MF1003M;588
01.11.2025;wildberries;MF1004M;177
01.11.2025;wildberries;MF1005M;505
01.11.2025;wildberries;MF1006M;131
01.11.2025;wildberries;MF1007M;158
01.11.2025;wildberries;MF1008M;249
01.11.2025;wildberries;MF1009M;44
01.11.2025;wildberries;MV1011F;1427
01.11.2025;wildberries;MV1012F;412
01.11.2025;wildberries;MV1013F;121
01.11.2025;wildberries;MV1014F;61
01.11.2025;wildberries;MV1015F;60
01.11.2025;wildberries;MV1016F;8
01.11.2025;wildberries;MV1017F;113
01.11.2025;wildberries;MV1018F;95
01.11.2025;wildberries;MV1019F;56
01.11.2025;wildberries;MV1020F;33
01.11.2025;wildberries;MV1021F;103
01.11.2025;wildberries;MV1022F;86
01.11.2025;wildberries;MV1023F;340
01.11.2025;wildberries;MV1024F;568
01.11.2025;wildberries;MV1025F;214
01.11.2025;wildberries;MV1026F;34
01.11.2025;wildberries;MV1027F;224
01.11.2025;wildberries;MV1110R;107
01.11.2025;wildberries;MV1111R;74
01.11.2025;wildberries;MV1112R;130
01.11.2025;wildberries;MV1113R;25
01.11.2025;wildberries;MV1114R;41
01.11.2025;wildberries;MV1115R;85
01.11.2025;wildberries;MV1116R;160
01.11.2025;wildberries;MV1117R;79
01.11.2025;wildberries;MV1118R;376
01.11.2025;wildberries;PL9001-4;21
01.11.2025;wildberries;PL9008-4;85
01.11.2025;wildberries;PL9012-4;38
01.11.2025;wildberries;PL9014-4;146
01.11.2025;wildberries;PL9016-4;98
01.11.2025;wildberries;PODS-01;124
01.11.2025;wildberries;PODS-02;281
01.11.2025;wildberries;TE5020R+TE5020L;36
01.11.2025;wildberries;TE5109L+TE5023R;30
01.11.2025;wildberries;VS-KPBLV;185
01.11.2025;wildberries;VS-UPKP;598
01.11.2025;wildberries;VS-VLS-LV;125
01.11.2025;wildberries;pku19;590
01.11.2025;wildberries;pku19-01;252
01.11.2025;wildberries;w21/5w;656
01.11.2025;wildberries;М221001;377
01.11.2025;wildberries;М221002;582
01.11.2025;wildberries;М221003;3012
01.11.2025;wildberries;М221004;0
01.11.2025;wildberries;М221005;356
01.11.2025;wildberries;М221006;216
01.11.2025;wildberries;М221007;285
01.11.2025;wildberries;М221008;310
01.11.2025;wildberries;М221009;598
01.11.2025;wildberries;М221010;311
01.11.2025;wildberries;М221011;309
01.11.2025;wildberries;М221012;163
01.11.2025;wildberries;М221013;129
01.11.2025;wildberries;М221014;267
01.11.2025;wildberries;М221015;109
01.11.2025;wildberries;М221016;112
01.11.2025;wildberries;М221017;156
01.11.2025;wildberries;М221021;80
01.11.2025;wildberries;М241001C;28
01.11.2025;wildberries;М241002C;180
01.11.2025;wildberries;М241003;90
01.11.2025;wildberries;М241004C;36
01.11.2025;wildberries;М241005C;185
01.11.2025;wildberries;М241006C;423
01.11.2025;wildberries;М241007;93
01.11.2025;wildberries;М241008C;131
01.11.2025;wildberries;М241009C;124
01.11.2025;wildberries;М241010;624
01.11.2025;wildberries;М241011C;362
01.11.2025;wildberries;М241012C;187
01.11.2025;wildberries;М241013;0
01.11.2025;wildberries;М241014;0
01.11.2025;wildberries;М241015;124
01.11.2025;wildberries;М241018;26
01.11.2025;wildberries;М241019;59
01.11.2025;wildberries;М241021C;176
01.11.2025;wildberries;М241022C;137
01.11.2025;wildberries;М241023;32
01.11.2025;wildberries;М241024C;90
01.11.2025;wildberries;М241025C;78
01.11.2025;wildberries;М241026C;151
01.11.2025;wildberries;М241027;94
01.11.2025;wildberries;М241028C;127
01.11.2025;wildberries;М241029;88
01.11.2025;wildberries;М241030;129
01.12.2025;wildberries;8450031975-01;282
01.12.2025;wildberries;D911001;17
01.12.2025;wildberries;D911002;88
01.12.2025;wildberries;D911003;53
01.12.2025;wildberries;D911005;114
01.12.2025;wildberries;D911006;192
01.12.2025;wildberries;D911007;323
01.12.2025;wildberries;D911008;240
01.12.2025;wildberries;D911009;359
01.12.2025;wildberries;D911010;73
01.12.2025;wildberries;D911011;74
01.12.2025;wildberries;D911012;31
01.12.2025;wildberries;D911013;118
01.12.2025;wildberries;D911014;137
01.12.2025;wildberries;D911015;52
01.12.2025;wildberries;D911016;232
01.12.2025;wildberries;D911017;186
01.12.2025;wildberries;D911018;569
01.12.2025;wildberries;D911019;65
01.12.2025;wildberries;D921001;247
01.12.2025;wildberries;D921002;278
01.12.2025;wildberries;D921004;55
01.12.2025;wildberries;D921005;0
01.12.2025;wildberries;D921006;25
01.12.2025;wildberries;D921007;86
01.12.2025;wildberries;D921008;1
01.12.2025;wildberries;D921009;0
01.12.2025;wildberries;D921010;158
01.12.2025;wildberries;D921011;80
01.12.2025;wildberries;D921012;68
01.12.2025;wildberries;DFRW5050;55
01.12.2025;wildberries;DFRW5540;34
01.12.2025;wildberries;DFRW5545;0
01.12.2025;wildberries;DFRW5547H;86
01.12.2025;wildberries;DFRW6038;28
01.12.2025;wildberries;DFRW6040H;160
01.12.2025;wildberries;DFRW6040P6;145
01.12.2025;wildberries;DFRW6040P9;38
01.12.2025;wildberries;DFRW6042;40
01.12.2025;wildberries;DFRW6045H;119
01.12.2025;wildberries;DFRW6045P;0
01.12.2025;wildberries;DFRW6045V;2
01.12.2025;wildberries;DFRW6050;15
01.12.2025;wildberries;DFRW6535H;96
01.12.2025;wildberries;DFRW6540;143
01.12.2025;wildberries;DFRW6545;131
01.12.2025;wildberries;DFRW6550;78
01.12.2025;wildberries;DFRW7035;102
01.12.2025;wildberries;FRW5545;50
01.12.2025;wildberries;FRW6040P9;40
01.12.2025;wildberries;FRW6045P;12
01.12.2025;wildberries;FRW6045V;0
01.12.2025;wildberries;FRW6050;20
01.12.2025;wildberries;FRW6535H;61
01.12.2025;wildberries;FRW6545;0
01.12.2025;wildberries;FRW6550;21
01.12.2025;wildberries;GBKIT0002;0
01.12.2025;wildberries;GBKIT0003;0
01.12.2025;wildberries;GBKIT0004;6
01.12.2025;wildberries;GFKIT0001;8
01.12.2025;wildberries;GFKIT0003;19
01.12.2025;wildberries;GFKIT0004;5
01.12.2025;wildberries;LS-VODRL;33
01.12.2025;wildberries;M01ALSU00167;0
01.12.2025;wildberries;M01ALSU00185;314
01.12.2025;wildberries;M01ALSU00187;0
01.12.2025;wildberries;M01LINK10102;9
01.12.2025;wildberries;M01LINK10102-2;46
01.12.2025;wildberries;M01LINK10103;4
01.12.2025;wildberries;M01LINK10103-2;32
01.12.2025;wildberries;M01LINK10106;33
01.12.2025;wildberries;M01LINK10108;29
01.12.2025;wildberries;M01LINK10109;1
01.12.2025;wildberries;M01TEXT10102;1860
01.12.2025;wildberries;M01TEXT10102_2;299
01.12.2025;wildberries;M01VXSU00130;0
01.12.2025;wildberries;M02ALSU00336;452
01.12.2025;wildberries;M105ALSU00326;1043
01.12.2025;wildberries;M111001;1
01.12.2025;wildberries;M111002;1
01.12.2025;wildberries;M111019;38
01.12.2025;wildberries;M111020;112
01.12.2025;wildberries;M111021;273
01.12.2025;wildberries;M111022;119
01.12.2025;wildberries;M111023;464
01.12.2025;wildberries;M111024;0
01.12.2025;wildberries;M111025;54
01.12.2025;wildberries;M111026;56
01.12.2025;wildberries;M111028;12
01.12.2025;wildberries;M111029;60
01.12.2025;wildberries;M111032;35
01.12.2025;wildberries;M111033;36
01.12.2025;wildberries;M111034;2
01.12.2025;wildberries;M111035;55
01.12.2025;wildberries;M111036;71
01.12.2025;wildberries;M111037;10
01.12.2025;wildberries;M112002;103
01.12.2025;wildberries;M112003;1
01.12.2025;wildberries;M112006;47
01.12.2025;wildberries;M112010;3
01.12.2025;wildberries;M112011;12
01.12.2025;wildberries;M112013;37
01.12.2025;wildberries;M655ALSU00326;249
01.12.2025;wildberries;MF10010M;351
01.12.2025;wildberries;MF10011M;292
01.12.2025;wildberries;MF10012M;155
01.12.2025;wildberries;MF10013M;39
01.12.2025;wildberries;MF10014M;344
01.12.2025;wildberries;MF10015M;78
01.12.2025;wildberries;MF10016M;165
01.12.2025;wildberries;MF10017M;93
01.12.2025;wildberries;MF10018M;157
01.12.2025;wildberries;MF1001M;161
01.12.2025;wildberries;MF1003M;397
01.12.2025;wildberries;MF1004M;155
01.12.2025;wildberries;MF1005M;652
01.12.2025;wildberries;MF1006M;342
01.12.2025;wildberries;MF1007M;146
01.12.2025;wildberries;MF1008M;180
01.12.2025;wildberries;MV1011F;1208
01.12.2025;wildberries;MV1012F;637
01.12.2025;wildberries;MV1013F;77
01.12.2025;wildberries;MV1014F;58
01.12.2025;wildberries;MV1015F;148
01.12.2025;wildberries;MV1016F;0
01.12.2025;wildberries;MV1017F;121
01.12.2025;wildberries;MV1018F;91
01.12.2025;wildberries;MV1019F;47
01.12.2025;wildberries;MV1020F;40
01.12.2025;wildberries;MV1021F;93
01.12.2025;wildberries;MV1022F;64
01.12.2025;wildberries;MV1023F;322
01.12.2025;wildberries;MV1024F;325
01.12.2025;wildberries;MV1025F;283
01.12.2025;wildberries;MV1026F;27
01.12.2025;wildberries;MV1027F;240
01.12.2025;wildberries;MV1110R;122
01.12.2025;wildberries;MV1111R;83
01.12.2025;wildberries;MV1112R;89
01.12.2025;wildberries;MV1113R;20
01.12.2025;wildberries;MV1114R;40
01.12.2025;wildberries;MV1115R;0
01.12.2025;wildberries;MV1116R;188
01.12.2025;wildberries;MV1117R;109
01.12.2025;wildberries;MV1118R;335
01.12.2025;wildberries;PL9001-4;1
01.12.2025;wildberries;PL9008-4;31
01.12.2025;wildberries;PL9012-4;27
01.12.2025;wildberries;PL9014-4;107
01.12.2025;wildberries;PL9016-4;84
01.12.2025;wildberries;PODS-01;213
01.12.2025;wildberries;PODS-02;352
01.12.2025;wildberries;R1011F;149
01.12.2025;wildberries;R1012F;66
01.12.2025;wildberries;R1016F;101
01.12.2025;wildberries;R1025F;46
01.12.2025;wildberries;R1028F;111
01.12.2025;wildberries;R1029F;79
01.12.2025;wildberries;R1115R;0
01.12.2025;wildberries;R1116R;70
01.12.2025;wildberries;R1130R;77
01.12.2025;wildberries;R1131R;68
01.12.2025;wildberries;R1132R;115
01.12.2025;wildberries;TE5020R+TE5020L;30
01.12.2025;wildberries;TE5109L+TE5023R;2
01.12.2025;wildberries;VS-KPBLV;150
01.12.2025;wildberries;VS-UPKP;468
01.12.2025;wildberries;VS-VLS-LV;0
01.12.2025;wildberries;pku19;472
01.12.2025;wildberries;pku19-01;274
01.12.2025;wildberries;w21/5w;774
01.12.2025;wildberries;М221001;266
01.12.2025;wildberries;М221002;442
01.12.2025;wildberries;М221003;2844
01.12.2025;wildberries;М221004;313
01.12.2025;wildberries;М221005;216
01.12.2025;wildberries;М221006;247
01.12.2025;wildberries;М221007;534
01.12.2025;wildberries;М221008;284
01.12.2025;wildberries;М221009;437
01.12.2025;wildberries;М221010;243
01.12.2025;wildberries;М221011;237
01.12.2025;wildberries;М221012;201
01.12.2025;wildberries;М221013;71
01.12.2025;wildberries;М221014;220
01.12.2025;wildberries;М221015;84
01.12.2025;wildberries;М221016;75
01.12.2025;wildberries;М221017;144
01.12.2025;wildberries;М221021;138
01.12.2025;wildberries;М221023;20
01.12.2025;wildberries;М221024;200
01.12.2025;wildberries;М221025;111
01.12.2025;wildberries;М241001C;104
01.12.2025;wildberries;М241002C;148
01.12.2025;wildberries;М241003;48
01.12.2025;wildberries;М241004C;108
01.12.2025;wildberries;М241005C;449
01.12.2025;wildberries;М241006C;478
01.12.2025;wildberries;М241007;46
01.12.2025;wildberries;М241008C;145
01.12.2025;wildberries;М241009C;108
01.12.2025;wildberries;М241010;499
01.12.2025;wildberries;М241011C;391
01.12.2025;wildberries;М241012C;245
01.12.2025;wildberries;М241015;87
01.12.2025;wildberries;М241018;20
01.12.2025;wildberries;М241019;37
01.12.2025;wildberries;М241021C;156
01.12.2025;wildberries;М241022C;104
01.12.2025;wildberries;М241023;303
01.12.2025;wildberries;М241024C;77
01.12.2025;wildberries;М241025C;11
01.12.2025;wildberries;М241026C;250
01.12.2025;wildberries;М241027;49
01.12.2025;wildberries;М241028C;76
01.12.2025;wildberries;М241029;18
01.12.2025;wildberries;М241030;227
01.12.2025;wildberries;М241031;135
01.12.2025;wildberries;М241032;135
