marketplace;sku;marketplaceId
ozon;М241003;1628467935
ozon;М241006C;1628467694
ozon;М241010;1628466188
ozon;М241011C;1628465988
ozon;М241001C;1628468346
ozon;М241002C;1628468257
ozon;М241007;1628467078
ozon;М241008C;1628466718
ozon;М241009C;1628466517
ozon;М241004C;1628467857
ozon;М241005C;1628467740
ozon;М221002;1628469509
ozon;М221003;1628469488
ozon;М221004;1628469397
ozon;М221005;1628469333
ozon;М221006;1628469071
ozon;М221007;1628469021
ozon;М221008;1628468868
ozon;М221009;1628468784
ozon;М221010;1628468627
ozon;М221011;1628468587
ozon;М221012;1628468536
ozon;М221001;1628469569
ozon;MF1002M;1147264182
ozon;MF1001M;1164967955
ozon;MF1005M;1171244442
ozon;mf10017m;1175179975
ozon;mf1006m;1147264062
ozon;mf10016m;1147263837
ozon;mf10018m;1175179984
ozon;mf1004m;1164972386
ozon;mf1007m;1147264522
ozon;mf10015m;1175176638
ozon;mf10010m;1170565342
ozon;mf10011m;1175166129
ozon;MF10013M;1148979396
ozon;mf1008m;1148987569
ozon;mf1009m;1175161102
ozon;mf10012m;1175167296
ozon;mf1003m;1164974104
ozon;mf10014m;1162809583
ozon;M01VXSU00130;2042746249
ozon;VS-KPBLV;2042750779
ozon;VS-VLS-LV;2042746551
ozon;LS-VODRL;2042745520
ozon;LS-VODRKA;2042743513
ozon;M01ALSU00185;2042740471
ozon;VS-UPKP;1389230548
ozon;D921002;1707332493
ozon;pku19;2042748881
ozon;pku19-01;2042748123
ozon;M01ALSU00167;1212582247
ozon;M01ALSU00187;1212631550
ozon;PODS-01;1212883577
ozon;D921001;1707108544
ozon;PODS-02;1212890480
ozon;ls-vodunsl;2042743535
ozon;m02alsu00336;1302292009
ozon;m105alsu00326;1145371808
ozon;m655alsu00326;1145380846
ozon;m01text10102;1166590112
ozon;FRW6040P9;1763535748
ozon;dfrw6040p9;1347211732
ozon;FRW6535H;1763534856
ozon;dfrw6535h;1347212064
ozon;FRW6545;1763520329
ozon;DFRW6545;1347212328
ozon;FRW6042;1763533475
ozon;dfrw6042;1347211767
ozon;FRW6045H;1763534600
ozon;dfrw6045h;1347211842
ozon;FRW6040P6;1763533383
ozon;dfrw6040p6;1347211574
ozon;FRW6550;1763520027
ozon;dfrw6550;1347212390
ozon;D911009;1747174322
ozon;D911007;1747172474
ozon;d911012;1747177249
ozon;d911016;1747179060
ozon;d911004;1747170431
ozon;D911010;1747174936
ozon;D911014;1747178076
ozon;D911015;1747178588
ozon;D911018;1747180584
ozon;D911019;1747182367
ozon;D911001;1747168438
ozon;D911002;1747169128
ozon;D911003;1747169648
ozon;D911005;1747170909
ozon;D911006;1747171564
ozon;D911008;1747173026
ozon;D911011;1747176208
ozon;D911013;1747177639
ozon;D911017;1747179669
ozon;D911020;1747183836
ozon;D911021;1747184440
ozon;3FRW6545H;1763811561
ozon;3FRW6540H;1763811360
ozon;3FRW6045H;1763811647
ozon;3FRW6040H;1763811565
ozon;3FRW5050H;1763811575
ozon;FRW6540;1763535417
ozon;dfrw6540;1347212217
ozon;FRW6542;1763533172
ozon;dfrw6542;1347212259
ozon;FRW6535B;1763534820
ozon;dfrw6535b;1347212186
ozon;FRW6050;1763536975
ozon;dfrw6050;1347212041
ozon;FRW6045V;1763532984
ozon;dfrw6045v;1347211922
ozon;FRW6045P;1763536391
ozon;dfrw6045p;1347212002
ozon;FRW6040H;1763535131
ozon;dfrw6040h;1347211285
ozon;FRW6038;1763532999
ozon;dfrw6038;1347211204
ozon;FRW5547B;1763533616
ozon;dfrw5547b;1347210928
ozon;FRW5545;1763521710
ozon;DFRW5545;1347210891
ozon;FRW5050;1763532667
ozon;dfrw5050;1347210718
ozon;DFRW7035;1347212436
ozon;mv1026f;1187799992
ozon;mv1116r;1187714060
ozon;mv1117r;1187682411
ozon;MV1012F;1204599382
ozon;MV1021F;1187836809
ozon;MV1113R;1187765437
ozon;mv1115r;1187166940
ozon;MV1017F;1187886525
ozon;mv1018f;1187859326
ozon;mv1111r;1187813286
ozon;mv1027f;1187805294
ozon;mv1020f;1187795756
ozon;mv1015f;1187808912
ozon;mv1019f;1187774372
ozon;mv1118r;1187718007
ozon;mv1110r;1187672022
ozon;mv1114r;1187711955
ozon;mv1112r;1187642944
ozon;mv1022f;1187612266
ozon;mv1023f;1187194170
ozon;mv1025f;1187872722
ozon;mv1011f;1204657189
ozon;mv1016f;1187848514
ozon;mv1014f;1187840540
ozon;mv1013f;1204636924
ozon;mv1024f;1187787188
ozon;M111018;1728645154
ozon;M112004;1283210407
ozon;M111004;1283197434
ozon;M111003;1283195939
ozon;M111001;1283191935
ozon;M111002;1283193311
ozon;M111005;1283197885
ozon;M111006;1283201649
ozon;M111007;1283201916
ozon;M111011;1727584706
ozon;M111012;1727588141
ozon;M111013;1727591439
ozon;M111014;1727596822
ozon;M111015;1727603766
ozon;M111017;1728644315
ozon;M111016;1727637415
ozon;M111008;1283203167
ozon;M111009;1283205143
ozon;M111010;1283205481
ozon;M112011;1728651130
ozon;M112001;1283206141
ozon;M112003;1283209321
ozon;M112006;1283210771
ozon;M112005;1283210476
ozon;M112008;1728647054
ozon;M112010;1728650283
ozon;M112002;1283206803
ozon;M112007;1283211092
ozon;M112009;1728648780
ozon;M112012;1728653016
ozon;M111019;2244831223
ozon;M111020;2046636676
ozon;M111021;2046636522
ozon;M111022;2046636638
ozon;M111023;2046636834
ozon;M111024;2046636334
ozon;M111025;2046636366
ozon;M111026;2046636141
ozon;M111027;2046636600
ozon;M111028;2046636755
ozon;M111029;2046636613
ozon;M111030;2046636796
ozon;M111031;2046636581
ozon;M111032;2046636659
ozon;M111033;2046636397
ozon;M111034;2046636034
ozon;M111035;2046636658
ozon;M111036;2046636643
ozon;M111037;2046636697
ozon;M112013;2244805738
ozon;DFRW5540;1347210811
ozon;DFRW5547H;1347211098
ozon;М241012C;2223844370
ozon;М241013;2223842237
ozon;М241014;2223834661
ozon;М241015;2223835287
ozon;М241016;2223833307
ozon;М241017C;2223836346
ozon;М241018;2223844382
ozon;М241021C;2223835326
ozon;М241022C;2223843754
ozon;М241019;2223954687
ozon;М241020C;2223955497
ozon;М221013;2223835800
ozon;М221014;2223849546
ozon;М221015;2223836662
ozon;М221016;2223855820
ozon;М221017;2223854005
ozon;М221018;2223853154
ozon;W21/5W;1302292028
ozon;M01TEXT10102_2;1252288166
ozon;М221021;2806797663
ozon;PL9001;1608634065
ozon;PL9014;1350013423
ozon;PL9008;846311203
ozon;PL9012;1165865781
ozon;PL9016;1056043458
ozon;TE5109L TE5023R;1629003880
ozon;TE5020R TE5020L;1696789471
ozon;GFKIT0002;3004513354
ozon;GFKIT0003;3004517006
ozon;GFKIT0004;3004518214
ozon;GFKIT0005;3004519293
ozon;GFKIT0006;3004522614
ozon;GBKIT0001;3004529175
ozon;GBKIT0002;3004534460
ozon;GBKIT0003;3004536649
ozon;GBKIT0004;3007415075
ozon;GBKIT0005;3007420173
ozon;GBKIT0006;3007427166
ozon;GBKIT0007;3007429775
ozon;MV1119R;396363730
ozon;MV1028F;809443427
ozon;MV1120R;175377398
ozon;MV1029F;2515599865
ozon;М241026C;1829792507
ozon;М241030;1254539431
ozon;М241028C;2859985189
ozon;М241029;2860045257
ozon;М241027;2859980658
ozon;М241025C;2859895476
ozon;М241023;2859838555
ozon;М241024C;2859856383
ozon;М221023;2860059411
ozon;R1012F;405444491
ozon;R1016F;1851216175
ozon;R1025F;2187706268
ozon;R1115R;1852738283
ozon;R1116R;396363575
ozon;R1132R;1418156336
ozon;R1130R;1418374565
ozon;R1131R;1421011875
ozon;R1011F;396363775
ozon;R1028F;2747458757
ozon;R1029F;571184168
ozon;D911023;1585975246
ozon;D911022;660070364
ozon;MCC0001;2929281177
ozon;MCC0003;2929281057
ozon;MCC0002;2929280866
ozon;MCC0004;2929281083
ozon;MCC0005L;2929280589
ozon;D921004;2807355254
ozon;D921005;2807355194
ozon;D921006;2807355177
ozon;D921007;2807355333
ozon;D921008;2807355305
ozon;D921009;2807355292
ozon;D921010;2807355526
ozon;D921011;2807355324
ozon;M112014;2746138362
ozon;PL9001-4;1608634065
ozon;PL9014-4;1350013423
ozon;PL9008-4;846311203
ozon;PL9012-4;1165865781
ozon;PL9016-4;1056043458
ozon;TE5109L+TE5023R;1629003880
ozon;TE5020R+TE5020L;1696789471
ozon;М221024;667639591
ozon;М221025;2157982653
ozon;М241031;1867769470
ozon;М241032;737113798
ozon;M112015;1641135564
ozon;M112016;1859508608
ozon;M112017;1859508608
ozon;M412018;2877600675
ozon;M112019;2733885357
ozon;M412020;2733885388
ozon;M112021;1640779429
ozon;M112022;3093265013
ozon;M112023;3093753105
ozon;M412024;1600240772
ozon;D911024;1050913621
ozon;D911025;1582154601
ozon;М241023С;1146203574